,index,Avg Elo,Division,Max Games,Min Games,Predict_win,T1P1,T1P2,T2P1,T2P2,Team 1,Team 2,Win,Winner,prob,tourney
0,49,1505,WOMEN'S,8.0,0,1.0,ASHLEY SHOWALTER,KATIE PIERSON,MEKENZIE HEINLE,MADALYN HEINLE,SHOWALTER/PIERSON,DOUBLE TROUBLE,False,SHOWALTER/PIERSON,0.3456801373547168,2021ERIE
1,50,1391,WOMEN'S,7.0,0,1.0,SARAH PETRIE,ANNA LUCAS,MELISSA MACLEAN,BEKAH SMITH,PETRIE/LUCAS,JAZZY,False,PETRIE/LUCAS,0.33850642399110853,2021ERIE
2,51,1462,WOMEN'S,7.0,0,1.0,ALLIE FOSTER,KRISTA SHROCK,DAMARIS ATTANASIO,CLAIRE BARNWELL,SCRAMBLED,ARACHNETS,False,SCRAMBLED,0.46423412822203125,2021ERIE
3,52,1450,WOMEN'S,0.0,0,0.5,ALEA KURTZ,KIM HOSTETLER,LINDSAY METZGER,CECE RODRIGUEZ,BEAST MODE,HEROES IN DISGUISE,False,BEAST MODE,0.5,2021ERIE
4,53,1447,WOMEN'S,8.0,0,1.0,ASHLEY SHOWALTER,KATIE PIERSON,MELISSA MACLEAN,BEKAH SMITH,SHOWALTER/PIERSON,JAZZY,False,SHOWALTER/PIERSON,0.21281506955074947,2021ERIE
5,54,1450,WOMEN'S,0.0,0,0.5,SARAH PETRIE,ANNA LUCAS,MEKENZIE HEINLE,MADALYN HEINLE,PETRIE/LUCAS,DOUBLE TROUBLE,False,PETRIE/LUCAS,0.5,2021ERIE
6,55,1462,WOMEN'S,7.0,0,1.0,ALLIE FOSTER,KRISTA SHROCK,LINDSAY METZGER,CECE RODRIGUEZ,SCRAMBLED,HEROES IN DISGUISE,False,SCRAMBLED,0.46423412822203125,2021ERIE
7,56,1450,WOMEN'S,0.0,0,0.5,ALEA KURTZ,KIM HOSTETLER,DAMARIS ATTANASIO,CLAIRE BARNWELL,BEAST MODE,ARACHNETS,False,BEAST MODE,0.5,2021ERIE
8,57,1505,WOMEN'S,8.0,0,1.0,ASHLEY SHOWALTER,KATIE PIERSON,SARAH PETRIE,ANNA LUCAS,SHOWALTER/PIERSON,PETRIE/LUCAS,False,SHOWALTER/PIERSON,0.3456801373547168,2021ERIE
9,58,1391,WOMEN'S,7.0,0,0.0,MELISSA MACLEAN,BEKAH SMITH,MEKENZIE HEINLE,MADALYN HEINLE,JAZZY,DOUBLE TROUBLE,False,JAZZY,0.6614935760088916,2021ERIE
10,59,1462,WOMEN'S,7.0,0,1.0,ALLIE FOSTER,KRISTA SHROCK,ALEA KURTZ,KIM HOSTETLER,SCRAMBLED,BEAST MODE,False,SCRAMBLED,0.46423412822203125,2021ERIE
11,60,1450,WOMEN'S,0.0,0,0.5,LINDSAY METZGER,CECE RODRIGUEZ,DAMARIS ATTANASIO,CLAIRE BARNWELL,HEROES IN DISGUISE,ARACHNETS,False,HEROES IN DISGUISE,0.5,2021ERIE
12,61,1505,WOMEN'S,8.0,0,1.0,ASHLEY SHOWALTER,KATIE PIERSON,DAMARIS ATTANASIO,CLAIRE BARNWELL,SHOWALTER/PIERSON,ARACHNETS,False,SHOWALTER/PIERSON,0.3456801373547168,2021ERIE
13,62,1391,WOMEN'S,7.0,0,1.0,SARAH PETRIE,ANNA LUCAS,MELISSA MACLEAN,BEKAH SMITH,PETRIE/LUCAS,JAZZY,False,PETRIE/LUCAS,0.33850642399110853,2021ERIE
14,63,1462,WOMEN'S,7.0,0,1.0,ALLIE FOSTER,KRISTA SHROCK,MEKENZIE HEINLE,MADALYN HEINLE,SCRAMBLED,DOUBLE TROUBLE,False,SCRAMBLED,0.46423412822203125,2021ERIE
15,64,1450,WOMEN'S,0.0,0,0.5,ALEA KURTZ,KIM HOSTETLER,LINDSAY METZGER,CECE RODRIGUEZ,BEAST MODE,HEROES IN DISGUISE,False,BEAST MODE,0.5,2021ERIE
16,65,1505,WOMEN'S,8.0,0,1.0,ASHLEY SHOWALTER,KATIE PIERSON,SARAH PETRIE,ANNA LUCAS,SHOWALTER/PIERSON,PETRIE/LUCAS,False,SHOWALTER/PIERSON,0.3456801373547168,2021ERIE
17,66,1462,WOMEN'S,7.0,0,1.0,ALLIE FOSTER,KRISTA SHROCK,ALEA KURTZ,KIM HOSTETLER,SCRAMBLED,BEAST MODE,False,SCRAMBLED,0.46423412822203125,2021ERIE
18,67,1517,WOMEN'S,8.0,0,1.0,ASHLEY SHOWALTER,KATIE PIERSON,ALLIE FOSTER,KRISTA SHROCK,SHOWALTER/PIERSON,SCRAMBLED,False,SHOWALTER/PIERSON,0.37876953906331207,2021ERIE
19,68,1450,WOMEN'S,0.0,0,0.5,ALEA KURTZ,KIM HOSTETLER,SARAH PETRIE,ANNA LUCAS,BEAST MODE,PETRIE/LUCAS,False,BEAST MODE,0.5,2021ERIE
20,69,1391,WOMEN'S,7.0,0,0.0,MELISSA MACLEAN,BEKAH SMITH,DAMARIS ATTANASIO,CLAIRE BARNWELL,JAZZY,ARACHNETS,False,JAZZY,0.6614935760088916,2021ERIE
21,70,1450,WOMEN'S,0.0,0,0.5,LINDSAY METZGER,CECE RODRIGUEZ,MEKENZIE HEINLE,MADALYN HEINLE,HEROES IN DISGUISE,DOUBLE TROUBLE,True,DOUBLE TROUBLE,0.5,2021ERIE
0,71,1577,WOMENS,7.0,0,1.0,KAYLA WU,KALIN MIRAMONTES,LARESSA LINDEEN,PAIGE KOSCHE,THUS PARABATAI,UNKNOWN,False,THUS PARABATAI,0.18721083867168947,2021SOCALCLASSIC
1,72,1443,WOMENS,7.0,0,0.0,SARAH ALLEN,KARAH HUI,STACEY GRIMES,JENNA DIMAGGIO,RICE PURITY TEST,THE XS,False,RICE PURITY TEST,0.519896827247438,2021SOCALCLASSIC
2,73,1450,WOMENS,0.0,0,0.5,WHITNEY FRAIRE,ALEX BUCKMAN,PERRIN YORK,SHERRY ZHANG,PIECE OF CAKE,FIRE HYDRANT,False,PIECE OF CAKE,0.5,2021SOCALCLASSIC
3,74,1450,WOMENS,7.0,0,0.0,JACKIE YOO,MEY HELM,CHRISTINA DINH,KELSEY DEJESUS,KING JULIEN AND MORT,RUNNING WITH SCISSORS,True,RUNNING WITH SCISSORS,0.4998556205859849,2021SOCALCLASSIC
4,75,1577,WOMENS,7.0,0,1.0,KAYLA WU,KALIN MIRAMONTES,STACEY GRIMES,JENNA DIMAGGIO,THUS PARABATAI,THE XS,False,THUS PARABATAI,0.18721083867168947,2021SOCALCLASSIC
5,76,1443,WOMENS,7.0,0,0.0,SARAH ALLEN,KARAH HUI,CHRISTINA DINH,KELSEY DEJESUS,RICE PURITY TEST,RUNNING WITH SCISSORS,False,RICE PURITY TEST,0.519896827247438,2021SOCALCLASSIC
6,77,1450,WOMENS,0.0,0,0.5,WHITNEY FRAIRE,ALEX BUCKMAN,JESS PENNER,ADDISON SEALE,PIECE OF CAKE,SPIKERCHIKZ,False,PIECE OF CAKE,0.5,2021SOCALCLASSIC
7,78,1450,WOMENS,0.0,0,0.5,PERRIN YORK,SHERRY ZHANG,LARESSA LINDEEN,PAIGE KOSCHE,FIRE HYDRANT,UNKNOWN,False,FIRE HYDRANT,0.5,2021SOCALCLASSIC
8,79,1577,WOMENS,7.0,0,1.0,KAYLA WU,KALIN MIRAMONTES,PERRIN YORK,SHERRY ZHANG,THUS PARABATAI,FIRE HYDRANT,False,THUS PARABATAI,0.18721083867168947,2021SOCALCLASSIC
9,80,1450,WOMENS,7.0,0,0.0,WHITNEY FRAIRE,ALEX BUCKMAN,JACKIE YOO,MEY HELM,PIECE OF CAKE,KING JULIEN AND MORT,False,PIECE OF CAKE,0.5001443794140151,2021SOCALCLASSIC
10,81,1450,WOMENS,0.0,0,0.5,JESS PENNER,ADDISON SEALE,LARESSA LINDEEN,PAIGE KOSCHE,SPIKERCHIKZ,UNKNOWN,True,UNKNOWN,0.5,2021SOCALCLASSIC
11,82,1450,WOMENS,0.0,0,0.5,CHRISTINA DINH,KELSEY DEJESUS,STACEY GRIMES,JENNA DIMAGGIO,RUNNING WITH SCISSORS,THE XS,False,RUNNING WITH SCISSORS,0.5,2021SOCALCLASSIC
12,83,1577,WOMENS,7.0,0,1.0,KAYLA WU,KALIN MIRAMONTES,CHRISTINA DINH,KELSEY DEJESUS,THUS PARABATAI,RUNNING WITH SCISSORS,False,THUS PARABATAI,0.18721083867168947,2021SOCALCLASSIC
13,84,1443,WOMENS,7.0,0,1.0,SARAH ALLEN,KARAH HUI,WHITNEY FRAIRE,ALEX BUCKMAN,RICE PURITY TEST,PIECE OF CAKE,True,PIECE OF CAKE,0.519896827247438,2021SOCALCLASSIC
14,85,1450,WOMENS,7.0,0,1.0,JACKIE YOO,MEY HELM,LARESSA LINDEEN,PAIGE KOSCHE,KING JULIEN AND MORT,UNKNOWN,False,KING JULIEN AND MORT,0.4998556205859849,2021SOCALCLASSIC
15,86,1450,WOMENS,0.0,0,0.5,JESS PENNER,ADDISON SEALE,PERRIN YORK,SHERRY ZHANG,SPIKERCHIKZ,FIRE HYDRANT,True,FIRE HYDRANT,0.5,2021SOCALCLASSIC
16,87,1577,WOMENS,7.0,0,1.0,KAYLA WU,KALIN MIRAMONTES,JESS PENNER,ADDISON SEALE,THUS PARABATAI,SPIKERCHIKZ,False,THUS PARABATAI,0.18721083867168947,2021SOCALCLASSIC
17,88,1443,WOMENS,7.0,0,0.0,SARAH ALLEN,KARAH HUI,LARESSA LINDEEN,PAIGE KOSCHE,RICE PURITY TEST,UNKNOWN,False,RICE PURITY TEST,0.519896827247438,2021SOCALCLASSIC
18,89,1450,WOMENS,0.0,0,0.5,WHITNEY FRAIRE,ALEX BUCKMAN,STACEY GRIMES,JENNA DIMAGGIO,PIECE OF CAKE,THE XS,False,PIECE OF CAKE,0.5,2021SOCALCLASSIC
19,90,1450,WOMENS,7.0,0,1.0,JACKIE YOO,MEY HELM,PERRIN YORK,SHERRY ZHANG,KING JULIEN AND MORT,FIRE HYDRANT,False,KING JULIEN AND MORT,0.4998556205859849,2021SOCALCLASSIC
20,91,1450,WOMENS,0.0,0,0.5,WHITNEY FRAIRE,ALEX BUCKMAN,CHRISTINA DINH,KELSEY DEJESUS,PIECE OF CAKE,RUNNING WITH SCISSORS,False,PIECE OF CAKE,0.5,2021SOCALCLASSIC
21,92,1450,WOMENS,7.0,0,1.0,JACKIE YOO,MEY HELM,JESS PENNER,ADDISON SEALE,KING JULIEN AND MORT,SPIKERCHIKZ,False,KING JULIEN AND MORT,0.4998556205859849,2021SOCALCLASSIC
22,93,1450,WOMENS,0.0,0,0.5,STACEY GRIMES,JENNA DIMAGGIO,LARESSA LINDEEN,PAIGE KOSCHE,THE XS,UNKNOWN,False,THE XS,0.5,2021SOCALCLASSIC
23,94,1577,WOMENS,7.0,0,1.0,KAYLA WU,KALIN MIRAMONTES,JACKIE YOO,MEY HELM,THUS PARABATAI,KING JULIEN AND MORT,False,THUS PARABATAI,0.18729873133349986,2021SOCALCLASSIC
24,95,1443,WOMENS,7.0,0,0.0,SARAH ALLEN,KARAH HUI,JESS PENNER,ADDISON SEALE,RICE PURITY TEST,SPIKERCHIKZ,False,RICE PURITY TEST,0.519896827247438,2021SOCALCLASSIC
25,96,1450,WOMENS,0.0,0,0.5,CHRISTINA DINH,KELSEY DEJESUS,LARESSA LINDEEN,PAIGE KOSCHE,RUNNING WITH SCISSORS,UNKNOWN,False,RUNNING WITH SCISSORS,0.5,2021SOCALCLASSIC
26,97,1450,WOMENS,0.0,0,0.5,PERRIN YORK,SHERRY ZHANG,STACEY GRIMES,JENNA DIMAGGIO,FIRE HYDRANT,THE XS,False,FIRE HYDRANT,0.5,2021SOCALCLASSIC
27,98,1577,WOMENS,7.0,0,1.0,KAYLA WU,KALIN MIRAMONTES,WHITNEY FRAIRE,ALEX BUCKMAN,THUS PARABATAI,PIECE OF CAKE,False,THUS PARABATAI,0.18721083867168947,2021SOCALCLASSIC
28,99,1443,WOMENS,7.0,0,1.0,SARAH ALLEN,KARAH HUI,JACKIE YOO,MEY HELM,RICE PURITY TEST,KING JULIEN AND MORT,True,KING JULIEN AND MORT,0.5200409763752223,2021SOCALCLASSIC
29,100,1450,WOMENS,0.0,0,0.5,JESS PENNER,ADDISON SEALE,STACEY GRIMES,JENNA DIMAGGIO,SPIKERCHIKZ,THE XS,True,THE XS,0.5,2021SOCALCLASSIC
30,101,1450,WOMENS,0.0,0,0.5,CHRISTINA DINH,KELSEY DEJESUS,PERRIN YORK,SHERRY ZHANG,RUNNING WITH SCISSORS,FIRE HYDRANT,False,RUNNING WITH SCISSORS,0.5,2021SOCALCLASSIC
31,102,1570,WOMENS,7.0,7,1.0,KAYLA WU,KALIN MIRAMONTES,SARAH ALLEN,KARAH HUI,THUS PARABATAI,RICE PURITY TEST,False,THUS PARABATAI,0.17539474997962284,2021SOCALCLASSIC
32,103,1450,WOMENS,0.0,0,0.5,WHITNEY FRAIRE,ALEX BUCKMAN,LARESSA LINDEEN,PAIGE KOSCHE,PIECE OF CAKE,UNKNOWN,False,PIECE OF CAKE,0.5,2021SOCALCLASSIC
33,104,1450,WOMENS,7.0,0,1.0,JACKIE YOO,MEY HELM,STACEY GRIMES,JENNA DIMAGGIO,KING JULIEN AND MORT,THE XS,False,KING JULIEN AND MORT,0.4998556205859849,2021SOCALCLASSIC
34,105,1450,WOMENS,0.0,0,0.5,JESS PENNER,ADDISON SEALE,CHRISTINA DINH,KELSEY DEJESUS,SPIKERCHIKZ,RUNNING WITH SCISSORS,True,RUNNING WITH SCISSORS,0.5,2021SOCALCLASSIC
35,106,1450,WOMENS,0.0,0,0.5,LARESSA LINDEEN,PAIGE KOSCHE,JESS PENNER,ADDISON SEALE,UNKNOWN,SPIKERCHIKZ,True,SPIKERCHIKZ,0.5,2021SOCALCLASSIC
36,107,1577,WOMENS,7.0,0,1.0,KAYLA WU,KALIN MIRAMONTES,JESS PENNER,ADDISON SEALE,THUS PARABATAI,SPIKERCHIKZ,False,THUS PARABATAI,0.18721083867168947,2021SOCALCLASSIC
37,108,1443,WOMENS,7.0,0,0.0,SARAH ALLEN,KARAH HUI,JACKIE YOO,MEY HELM,RICE PURITY TEST,KING JULIEN AND MORT,False,RICE PURITY TEST,0.5200409763752223,2021SOCALCLASSIC
38,109,1450,WOMENS,0.0,0,0.5,WHITNEY FRAIRE,ALEX BUCKMAN,STACEY GRIMES,JENNA DIMAGGIO,PIECE OF CAKE,THE XS,False,PIECE OF CAKE,0.5,2021SOCALCLASSIC
39,110,1450,WOMENS,0.0,0,0.5,CHRISTINA DINH,KELSEY DEJESUS,PERRIN YORK,SHERRY ZHANG,RUNNING WITH SCISSORS,FIRE HYDRANT,False,RUNNING WITH SCISSORS,0.5,2021SOCALCLASSIC
40,111,1570,WOMENS,7.0,7,1.0,KAYLA WU,KALIN MIRAMONTES,SARAH ALLEN,KARAH HUI,THUS PARABATAI,RICE PURITY TEST,False,THUS PARABATAI,0.17539474997962284,2021SOCALCLASSIC
41,112,1450,WOMENS,0.0,0,0.5,WHITNEY FRAIRE,ALEX BUCKMAN,CHRISTINA DINH,KELSEY DEJESUS,PIECE OF CAKE,RUNNING WITH SCISSORS,False,PIECE OF CAKE,0.5,2021SOCALCLASSIC
42,113,1577,WOMENS,7.0,0,1.0,KAYLA WU,KALIN MIRAMONTES,WHITNEY FRAIRE,ALEX BUCKMAN,THUS PARABATAI,PIECE OF CAKE,False,THUS PARABATAI,0.18721083867168947,2021SOCALCLASSIC
43,114,1443,WOMENS,7.0,0,0.0,CHRISTINA DINH,KELSEY DEJESUS,SARAH ALLEN,KARAH HUI,RUNNING WITH SCISSORS,RICE PURITY TEST,True,RICE PURITY TEST,0.48010317275256187,2021SOCALCLASSIC
44,115,1450,WOMENS,7.0,0,1.0,JACKIE YOO,MEY HELM,JESS PENNER,ADDISON SEALE,KING JULIEN AND MORT,SPIKERCHIKZ,False,KING JULIEN AND MORT,0.4998556205859849,2021SOCALCLASSIC
45,116,1450,WOMENS,0.0,0,0.5,PERRIN YORK,SHERRY ZHANG,STACEY GRIMES,JENNA DIMAGGIO,FIRE HYDRANT,THE XS,True,THE XS,0.5,2021SOCALCLASSIC
46,117,1450,WOMENS,7.0,0,1.0,JACKIE YOO,MEY HELM,STACEY GRIMES,JENNA DIMAGGIO,KING JULIEN AND MORT,THE XS,False,KING JULIEN AND MORT,0.4998556205859849,2021SOCALCLASSIC
0,118,1450,WOMENS ADVANCED,0.0,0,0.5,LIZA MURRAY,LEXI STRONG,KAITLIN RO,CAMILLE ANDERSON,XX,IDAHOMIES,False,XX,0.5,2021AF
1,119,1450,WOMENS ADVANCED,0.0,0,0.5,JENNIFER WILSON,NICOLE WARNER,HALEY COWAN,ALEAH GREGORY,TBD,THE END OF SOGGY CARDBOARD,True,THE END OF SOGGY CARDBOARD,0.5,2021AF
2,120,1450,WOMENS ADVANCED,0.0,0,0.5,KIERSTIE FELLER,NICOL GAHLEY,ALICIA TRUJILLO,BRITT PEREZ,K & N,FIRE AND GLORY,True,FIRE AND GLORY,0.5,2021AF
3,121,1450,WOMENS ADVANCED,0.0,0,0.5,LIZA MURRAY,LEXI STRONG,HALEY COWAN,ALEAH GREGORY,XX,THE END OF SOGGY CARDBOARD,False,XX,0.5,2021AF
4,122,1532,WOMENS ADVANCED,11.0,0,1.0,JENNIFER WILSON,NICOLE WARNER,AMANDALYNN CALDER,WHITNEY FRAIRE,TBD,SOMETHING INTIMIDATING,True,SOMETHING INTIMIDATING,0.7202916189934561,2021AF
5,123,1450,WOMENS ADVANCED,0.0,0,0.5,ALICIA TRUJILLO,BRITT PEREZ,KAITLIN RO,CAMILLE ANDERSON,FIRE AND GLORY,IDAHOMIES,True,IDAHOMIES,0.5,2021AF
6,124,1450,WOMENS ADVANCED,0.0,0,0.5,LIZA MURRAY,LEXI STRONG,ALICIA TRUJILLO,BRITT PEREZ,XX,FIRE AND GLORY,False,XX,0.5,2021AF
7,125,1450,WOMENS ADVANCED,0.0,0,0.5,JENNIFER WILSON,NICOLE WARNER,KIERSTIE FELLER,NICOL GAHLEY,TBD,K & N,True,K & N,0.5,2021AF
8,126,1532,WOMENS ADVANCED,11.0,0,1.0,AMANDALYNN CALDER,WHITNEY FRAIRE,HALEY COWAN,ALEAH GREGORY,SOMETHING INTIMIDATING,THE END OF SOGGY CARDBOARD,False,SOMETHING INTIMIDATING,0.27970838100654394,2021AF
9,127,1532,WOMENS ADVANCED,11.0,0,1.0,LIZA MURRAY,LEXI STRONG,AMANDALYNN CALDER,WHITNEY FRAIRE,XX,SOMETHING INTIMIDATING,True,SOMETHING INTIMIDATING,0.7202916189934561,2021AF
10,128,1450,WOMENS ADVANCED,0.0,0,0.5,JENNIFER WILSON,NICOLE WARNER,KAITLIN RO,CAMILLE ANDERSON,TBD,IDAHOMIES,True,IDAHOMIES,0.5,2021AF
11,129,1450,WOMENS ADVANCED,0.0,0,0.5,KIERSTIE FELLER,NICOL GAHLEY,HALEY COWAN,ALEAH GREGORY,K & N,THE END OF SOGGY CARDBOARD,False,K & N,0.5,2021AF
12,130,1450,WOMENS ADVANCED,0.0,0,0.5,JENNIFER WILSON,NICOLE WARNER,ALICIA TRUJILLO,BRITT PEREZ,TBD,FIRE AND GLORY,False,TBD,0.5,2021AF
13,131,1532,WOMENS ADVANCED,11.0,0,1.0,KIERSTIE FELLER,NICOL GAHLEY,AMANDALYNN CALDER,WHITNEY FRAIRE,K & N,SOMETHING INTIMIDATING,True,SOMETHING INTIMIDATING,0.7202916189934561,2021AF
14,132,1450,WOMENS ADVANCED,0.0,0,0.5,HALEY COWAN,ALEAH GREGORY,KAITLIN RO,CAMILLE ANDERSON,THE END OF SOGGY CARDBOARD,IDAHOMIES,True,IDAHOMIES,0.5,2021AF
15,133,1450,WOMENS ADVANCED,0.0,0,0.5,LIZA MURRAY,LEXI STRONG,KIERSTIE FELLER,NICOL GAHLEY,XX,K & N,True,K & N,0.5,2021AF
16,134,1532,WOMENS ADVANCED,11.0,0,1.0,AMANDALYNN CALDER,WHITNEY FRAIRE,KAITLIN RO,CAMILLE ANDERSON,SOMETHING INTIMIDATING,IDAHOMIES,False,SOMETHING INTIMIDATING,0.27970838100654394,2021AF
17,135,1450,WOMENS ADVANCED,0.0,0,0.5,ALICIA TRUJILLO,BRITT PEREZ,HALEY COWAN,ALEAH GREGORY,FIRE AND GLORY,THE END OF SOGGY CARDBOARD,False,FIRE AND GLORY,0.5,2021AF
18,136,1450,WOMENS ADVANCED,0.0,0,0.5,LIZA MURRAY,LEXI STRONG,JENNIFER WILSON,NICOLE WARNER,XX,TBD,False,XX,0.5,2021AF
19,137,1450,WOMENS ADVANCED,0.0,0,0.5,KIERSTIE FELLER,NICOL GAHLEY,KAITLIN RO,CAMILLE ANDERSON,K & N,IDAHOMIES,False,K & N,0.5,2021AF
20,138,1532,WOMENS ADVANCED,11.0,0,1.0,AMANDALYNN CALDER,WHITNEY FRAIRE,ALICIA TRUJILLO,BRITT PEREZ,SOMETHING INTIMIDATING,FIRE AND GLORY,False,SOMETHING INTIMIDATING,0.27970838100654394,2021AF
21,139,1450,WOMENS ADVANCED,0.0,0,0.5,LIZA MURRAY,LEXI STRONG,JENNIFER WILSON,NICOLE WARNER,XX,TBD,False,XX,0.5,2021AF
22,140,1450,WOMENS ADVANCED,0.0,0,0.5,KIERSTIE FELLER,NICOL GAHLEY,HALEY COWAN,ALEAH GREGORY,K & N,THE END OF SOGGY CARDBOARD,False,K & N,0.5,2021AF
23,141,1532,WOMENS ADVANCED,11.0,0,1.0,AMANDALYNN CALDER,WHITNEY FRAIRE,KAITLIN RO,CAMILLE ANDERSON,SOMETHING INTIMIDATING,IDAHOMIES,False,SOMETHING INTIMIDATING,0.27970838100654394,2021AF
24,142,1450,WOMENS ADVANCED,0.0,0,0.5,LIZA MURRAY,LEXI STRONG,KIERSTIE FELLER,NICOL GAHLEY,XX,K & N,False,XX,0.5,2021AF
25,143,1532,WOMENS ADVANCED,11.0,0,1.0,AMANDALYNN CALDER,WHITNEY FRAIRE,LIZA MURRAY,LEXI STRONG,SOMETHING INTIMIDATING,XX,False,SOMETHING INTIMIDATING,0.27970838100654394,2021AF
26,144,1450,WOMENS ADVANCED,0.0,0,0.5,HALEY COWAN,ALEAH GREGORY,JENNIFER WILSON,NICOLE WARNER,THE END OF SOGGY CARDBOARD,TBD,False,THE END OF SOGGY CARDBOARD,0.5,2021AF
27,145,1450,WOMENS ADVANCED,0.0,0,0.5,KIERSTIE FELLER,NICOL GAHLEY,ALICIA TRUJILLO,BRITT PEREZ,K & N,FIRE AND GLORY,False,K & N,0.5,2021AF
28,146,1450,WOMENS ADVANCED,0.0,0,0.5,KAITLIN RO,CAMILLE ANDERSON,HALEY COWAN,ALEAH GREGORY,IDAHOMIES,THE END OF SOGGY CARDBOARD,True,THE END OF SOGGY CARDBOARD,0.5,2021AF
29,147,1450,WOMENS ADVANCED,0.0,0,0.5,ALICIA TRUJILLO,BRITT PEREZ,KAITLIN RO,CAMILLE ANDERSON,FIRE AND GLORY,IDAHOMIES,True,IDAHOMIES,0.5,2021AF
30,148,1450,WOMENS INTERMEDIATE,0.0,0,0.5,JODIE HAMILTON,JOLEE PETERSON,SAIGE DUKE,JUNE CAZIER,THE TWINS,NETCHIX,True,NETCHIX,0.5,2021AF
31,149,1450,WOMENS INTERMEDIATE,0.0,0,0.5,HAILEY ISOM,ALYSSA PERRY,BECCA FELLER,EMILY HARRIS,MIDNIGHT MERCURY,KRISPY & KRUNCHY,False,MIDNIGHT MERCURY,0.5,2021AF
32,150,1450,WOMENS INTERMEDIATE,0.0,0,0.5,KEESHYA COX,KALEY BLODGETT,CHLOE PRICE,RYLIE ZIPPRO,THAT DAMN BAR,HOT TAMALES,True,HOT TAMALES,0.5,2021AF
33,151,1450,WOMENS INTERMEDIATE,0.0,0,0.5,JODIE HAMILTON,JOLEE PETERSON,BECCA FELLER,EMILY HARRIS,THE TWINS,KRISPY & KRUNCHY,False,THE TWINS,0.5,2021AF
34,152,1450,WOMENS INTERMEDIATE,0.0,0,0.5,HAILEY ISOM,ALYSSA PERRY,ELLIE CHRISTENSEN,HAILEY THOMPSON,MIDNIGHT MERCURY,SETSY LADIES,True,SETSY LADIES,0.5,2021AF
35,153,1450,WOMENS INTERMEDIATE,0.0,0,0.5,CHLOE PRICE,RYLIE ZIPPRO,SAIGE DUKE,JUNE CAZIER,HOT TAMALES,NETCHIX,True,NETCHIX,0.5,2021AF
36,154,1450,WOMENS INTERMEDIATE,0.0,0,0.5,JODIE HAMILTON,JOLEE PETERSON,CHLOE PRICE,RYLIE ZIPPRO,THE TWINS,HOT TAMALES,True,HOT TAMALES,0.5,2021AF
37,155,1450,WOMENS INTERMEDIATE,0.0,0,0.5,HAILEY ISOM,ALYSSA PERRY,KEESHYA COX,KALEY BLODGETT,MIDNIGHT MERCURY,THAT DAMN BAR,True,THAT DAMN BAR,0.5,2021AF
38,156,1450,WOMENS INTERMEDIATE,0.0,0,0.5,ELLIE CHRISTENSEN,HAILEY THOMPSON,BECCA FELLER,EMILY HARRIS,SETSY LADIES,KRISPY & KRUNCHY,False,SETSY LADIES,0.5,2021AF
39,157,1450,WOMENS INTERMEDIATE,0.0,0,0.5,JODIE HAMILTON,JOLEE PETERSON,ELLIE CHRISTENSEN,HAILEY THOMPSON,THE TWINS,SETSY LADIES,True,SETSY LADIES,0.5,2021AF
40,158,1450,WOMENS INTERMEDIATE,0.0,0,0.5,HAILEY ISOM,ALYSSA PERRY,SAIGE DUKE,JUNE CAZIER,MIDNIGHT MERCURY,NETCHIX,True,NETCHIX,0.5,2021AF
41,159,1450,WOMENS INTERMEDIATE,0.0,0,0.5,KEESHYA COX,KALEY BLODGETT,BECCA FELLER,EMILY HARRIS,THAT DAMN BAR,KRISPY & KRUNCHY,False,THAT DAMN BAR,0.5,2021AF
42,160,1450,WOMENS INTERMEDIATE,0.0,0,0.5,HAILEY ISOM,ALYSSA PERRY,CHLOE PRICE,RYLIE ZIPPRO,MIDNIGHT MERCURY,HOT TAMALES,True,HOT TAMALES,0.5,2021AF
43,161,1450,WOMENS INTERMEDIATE,0.0,0,0.5,KEESHYA COX,KALEY BLODGETT,ELLIE CHRISTENSEN,HAILEY THOMPSON,THAT DAMN BAR,SETSY LADIES,False,THAT DAMN BAR,0.5,2021AF
44,162,1450,WOMENS INTERMEDIATE,0.0,0,0.5,BECCA FELLER,EMILY HARRIS,SAIGE DUKE,JUNE CAZIER,KRISPY & KRUNCHY,NETCHIX,True,NETCHIX,0.5,2021AF
45,163,1450,WOMENS INTERMEDIATE,0.0,0,0.5,JODIE HAMILTON,JOLEE PETERSON,KEESHYA COX,KALEY BLODGETT,THE TWINS,THAT DAMN BAR,True,THAT DAMN BAR,0.5,2021AF
46,164,1450,WOMENS INTERMEDIATE,0.0,0,0.5,ELLIE CHRISTENSEN,HAILEY THOMPSON,SAIGE DUKE,JUNE CAZIER,SETSY LADIES,NETCHIX,True,NETCHIX,0.5,2021AF
47,165,1450,WOMENS INTERMEDIATE,0.0,0,0.5,CHLOE PRICE,RYLIE ZIPPRO,BECCA FELLER,EMILY HARRIS,HOT TAMALES,KRISPY & KRUNCHY,False,HOT TAMALES,0.5,2021AF
48,166,1450,WOMENS INTERMEDIATE,0.0,0,0.5,JODIE HAMILTON,JOLEE PETERSON,HAILEY ISOM,ALYSSA PERRY,THE TWINS,MIDNIGHT MERCURY,False,THE TWINS,0.5,2021AF
49,167,1450,WOMENS INTERMEDIATE,0.0,0,0.5,KEESHYA COX,KALEY BLODGETT,SAIGE DUKE,JUNE CAZIER,THAT DAMN BAR,NETCHIX,True,NETCHIX,0.5,2021AF
50,168,1450,WOMENS INTERMEDIATE,0.0,0,0.5,ELLIE CHRISTENSEN,HAILEY THOMPSON,CHLOE PRICE,RYLIE ZIPPRO,SETSY LADIES,HOT TAMALES,False,SETSY LADIES,0.5,2021AF
51,169,1450,WOMENS INTERMEDIATE,0.0,0,0.5,CHLOE PRICE,RYLIE ZIPPRO,JODIE HAMILTON,JOLEE PETERSON,HOT TAMALES,THE TWINS,False,HOT TAMALES,0.5,2021AF
52,170,1450,WOMENS INTERMEDIATE,0.0,0,0.5,KEESHYA COX,KALEY BLODGETT,BECCA FELLER,EMILY HARRIS,THAT DAMN BAR,KRISPY & KRUNCHY,False,THAT DAMN BAR,0.5,2021AF
53,171,1450,WOMENS INTERMEDIATE,0.0,0,0.5,ELLIE CHRISTENSEN,HAILEY THOMPSON,HAILEY ISOM,ALYSSA PERRY,SETSY LADIES,MIDNIGHT MERCURY,False,SETSY LADIES,0.5,2021AF
54,172,1450,WOMENS INTERMEDIATE,0.0,0,0.5,SAIGE DUKE,JUNE CAZIER,CHLOE PRICE,RYLIE ZIPPRO,NETCHIX,HOT TAMALES,True,HOT TAMALES,0.5,2021AF
55,173,1450,WOMENS INTERMEDIATE,0.0,0,0.5,KEESHYA COX,KALEY BLODGETT,ELLIE CHRISTENSEN,HAILEY THOMPSON,THAT DAMN BAR,SETSY LADIES,True,SETSY LADIES,0.5,2021AF
56,174,1450,WOMENS INTERMEDIATE,0.0,0,0.5,HAILEY ISOM,ALYSSA PERRY,BECCA FELLER,EMILY HARRIS,MIDNIGHT MERCURY,KRISPY & KRUNCHY,True,KRISPY & KRUNCHY,0.5,2021AF
57,175,1450,WOMENS INTERMEDIATE,0.0,0,0.5,KEESHYA COX,KALEY BLODGETT,JODIE HAMILTON,JOLEE PETERSON,THAT DAMN BAR,THE TWINS,False,THAT DAMN BAR,0.5,2021AF
58,176,1450,WOMENS INTERMEDIATE,0.0,0,0.5,SAIGE DUKE,JUNE CAZIER,BECCA FELLER,EMILY HARRIS,NETCHIX,KRISPY & KRUNCHY,False,NETCHIX,0.5,2021AF
59,177,1450,WOMENS INTERMEDIATE,0.0,0,0.5,KEESHYA COX,KALEY BLODGETT,SAIGE DUKE,JUNE CAZIER,THAT DAMN BAR,NETCHIX,True,NETCHIX,0.5,2021AF
60,178,1450,WOMENS INTERMEDIATE,0.0,0,0.5,JODIE HAMILTON,JOLEE PETERSON,BECCA FELLER,EMILY HARRIS,THE TWINS,KRISPY & KRUNCHY,False,THE TWINS,0.5,2021AF
0,179,1644,WOMEN'S ADVANCED,17.0,0,1.0,KATIE PIERSON,KARAH HUI,TEDDI LESOINE,MOLLY MILES,K2,GLUTEUS MAXIMUS GORLS,False,K2,0.09676897599626713,2021ROCKHILL
1,180,1448,WOMEN'S ADVANCED,13.0,0,0.0,ALLIE FOSTER,JOELLE NGUYEN,JENICA BARRETT,MEAGAN BOWN,2+2,BUMBLE BS,False,2+2,0.5046666771477487,2021ROCKHILL
2,181,1450,WOMEN'S ADVANCED,0.0,0,0.5,ALEXI NESS,TARA GLEASON,TAMARA WILLIS,HAILEY EDWARDS,PURPLE NINJAS,TIME OUT,True,TIME OUT,0.5,2021ROCKHILL
3,182,1436,WOMEN'S ADVANCED,5.0,0,1.0,REBA OLSEN,JULIE KINARD,HALEY BENNETT,MELISSA MACLEAN,STRANGER THINGS,BENNETT/MACLEAN,False,STRANGER THINGS,0.45985920257984475,2021ROCKHILL
4,183,1644,WOMEN'S ADVANCED,17.0,0,1.0,KATIE PIERSON,KARAH HUI,JENICA BARRETT,MEAGAN BOWN,K2,BUMBLE BS,False,K2,0.09676897599626713,2021ROCKHILL
5,184,1515,WOMEN'S ADVANCED,17.0,0,1.0,SARAH ALLEN,TORI FARLOW,TEDDI LESOINE,MOLLY MILES,RALLY CATS,GLUTEUS MAXIMUS GORLS,False,RALLY CATS,0.320017563599149,2021ROCKHILL
6,185,1436,WOMEN'S ADVANCED,5.0,0,1.0,ALEXI NESS,TARA GLEASON,HALEY BENNETT,MELISSA MACLEAN,PURPLE NINJAS,BENNETT/MACLEAN,False,PURPLE NINJAS,0.45985920257984475,2021ROCKHILL
7,186,1450,WOMEN'S ADVANCED,0.0,0,0.5,REBA OLSEN,JULIE KINARD,TAMARA WILLIS,HAILEY EDWARDS,STRANGER THINGS,TIME OUT,True,TIME OUT,0.5,2021ROCKHILL
8,187,1709,WOMEN'S ADVANCED,17.0,0,1.0,KATIE PIERSON,KARAH HUI,SARAH ALLEN,TORI FARLOW,K2,RALLY CATS,False,K2,0.1854333364056129,2021ROCKHILL
9,188,1448,WOMEN'S ADVANCED,13.0,0,0.0,ALLIE FOSTER,JOELLE NGUYEN,TEDDI LESOINE,MOLLY MILES,2+2,GLUTEUS MAXIMUS GORLS,False,2+2,0.5046666771477487,2021ROCKHILL
10,189,1450,WOMEN'S ADVANCED,0.0,0,0.5,ALEXI NESS,TARA GLEASON,REBA OLSEN,JULIE KINARD,PURPLE NINJAS,STRANGER THINGS,False,PURPLE NINJAS,0.5,2021ROCKHILL
11,190,1436,WOMEN'S ADVANCED,5.0,0,1.0,HALEY BENNETT,MELISSA MACLEAN,TAMARA WILLIS,HAILEY EDWARDS,BENNETT/MACLEAN,TIME OUT,True,TIME OUT,0.5401407974201552,2021ROCKHILL
12,191,1513,WOMEN'S ADVANCED,17.0,0,0.0,ALLIE FOSTER,JOELLE NGUYEN,SARAH ALLEN,TORI FARLOW,2+2,RALLY CATS,False,2+2,0.684030828910047,2021ROCKHILL
13,192,1450,WOMEN'S ADVANCED,0.0,0,0.5,JENICA BARRETT,MEAGAN BOWN,TEDDI LESOINE,MOLLY MILES,BUMBLE BS,GLUTEUS MAXIMUS GORLS,True,GLUTEUS MAXIMUS GORLS,0.5,2021ROCKHILL
14,193,1642,WOMEN'S ADVANCED,17.0,8,1.0,KATIE PIERSON,KARAH HUI,ALLIE FOSTER,JOELLE NGUYEN,K2,2+2,False,K2,0.09514960615168025,2021ROCKHILL
15,194,1515,WOMEN'S ADVANCED,17.0,0,1.0,SARAH ALLEN,TORI FARLOW,JENICA BARRETT,MEAGAN BOWN,RALLY CATS,BUMBLE BS,False,RALLY CATS,0.320017563599149,2021ROCKHILL
16,195,1436,WOMEN'S ADVANCED,5.0,0,1.0,REBA OLSEN,JULIE KINARD,HALEY BENNETT,MELISSA MACLEAN,STRANGER THINGS,BENNETT/MACLEAN,False,STRANGER THINGS,0.45985920257984475,2021ROCKHILL
17,196,1644,WOMEN'S ADVANCED,17.0,0,1.0,KATIE PIERSON,KARAH HUI,REBA OLSEN,JULIE KINARD,K2,STRANGER THINGS,False,K2,0.09676897599626713,2021ROCKHILL
18,197,1450,WOMEN'S ADVANCED,0.0,0,0.5,TEDDI LESOINE,MOLLY MILES,JENICA BARRETT,MEAGAN BOWN,GLUTEUS MAXIMUS GORLS,BUMBLE BS,False,GLUTEUS MAXIMUS GORLS,0.5,2021ROCKHILL
19,198,1448,WOMEN'S ADVANCED,13.0,0,0.0,ALLIE FOSTER,JOELLE NGUYEN,ALEXI NESS,TARA GLEASON,2+2,PURPLE NINJAS,False,2+2,0.5046666771477487,2021ROCKHILL
20,199,1515,WOMEN'S ADVANCED,17.0,0,1.0,SARAH ALLEN,TORI FARLOW,TAMARA WILLIS,HAILEY EDWARDS,RALLY CATS,TIME OUT,False,RALLY CATS,0.320017563599149,2021ROCKHILL
21,200,1644,WOMEN'S ADVANCED,17.0,0,1.0,KATIE PIERSON,KARAH HUI,TEDDI LESOINE,MOLLY MILES,K2,GLUTEUS MAXIMUS GORLS,False,K2,0.09676897599626713,2021ROCKHILL
22,201,1513,WOMEN'S ADVANCED,17.0,0,0.0,ALLIE FOSTER,JOELLE NGUYEN,SARAH ALLEN,TORI FARLOW,2+2,RALLY CATS,False,2+2,0.684030828910047,2021ROCKHILL
23,202,1642,WOMEN'S ADVANCED,17.0,8,1.0,KATIE PIERSON,KARAH HUI,ALLIE FOSTER,JOELLE NGUYEN,K2,2+2,False,K2,0.09514960615168025,2021ROCKHILL
24,203,1515,WOMEN'S ADVANCED,17.0,0,1.0,SARAH ALLEN,TORI FARLOW,TEDDI LESOINE,MOLLY MILES,RALLY CATS,GLUTEUS MAXIMUS GORLS,False,RALLY CATS,0.320017563599149,2021ROCKHILL
25,204,1450,WOMEN'S ADVANCED,0.0,0,0.5,JENICA BARRETT,MEAGAN BOWN,REBA OLSEN,JULIE KINARD,BUMBLE BS,STRANGER THINGS,False,BUMBLE BS,0.5,2021ROCKHILL
26,205,1450,WOMEN'S ADVANCED,0.0,0,0.5,TAMARA WILLIS,HAILEY EDWARDS,ALEXI NESS,TARA GLEASON,TIME OUT,PURPLE NINJAS,True,PURPLE NINJAS,0.5,2021ROCKHILL
27,206,1450,WOMEN'S ADVANCED,0.0,0,0.5,TAMARA WILLIS,HAILEY EDWARDS,REBA OLSEN,JULIE KINARD,TIME OUT,STRANGER THINGS,False,TIME OUT,0.5,2021ROCKHILL
0,207,1614,WOMEN'S ADVANCED,21.0,0,1.0,KIRSTIE SAVAGE,KATIE PIERSON,KATIE IMHOF,HAYLEY JAMES,FELLER/PIERSON,VENOM,False,FELLER/PIERSON,0.13099219198995996,2021SEATTLE
1,208,1450,WOMEN'S ADVANCED,0.0,0,0.5,JORDANN VIGNA,FREDE CRETE,BECKY SHAPIRO,EVE FARRELL,VIGNA/CRÊTE,TULIP,False,VIGNA/CRÊTE,0.5,2021SEATTLE
2,209,1765,WOMEN'S ADVANCED,18.0,0,1.0,KALIN MIRAMONTES,KAYLA WU,NAMYA MALIK,GRACE CONHEADY,THUS PARABATAI,THE REAL RIM SHADY,False,THUS PARABATAI,0.025876670183500493,2021SEATTLE
3,210,1614,WOMEN'S ADVANCED,21.0,0,1.0,KIRSTIE SAVAGE,KATIE PIERSON,BECKY SHAPIRO,EVE FARRELL,FELLER/PIERSON,TULIP,False,FELLER/PIERSON,0.13099219198995996,2021SEATTLE
4,211,1426,WOMEN'S ADVANCED,18.0,0,1.0,JORDANN VIGNA,FREDE CRETE,MEY HELM,PERRIN YORK,VIGNA/CRÊTE,DIET DR. KELP,False,VIGNA/CRÊTE,0.4331193677732508,2021SEATTLE
5,212,1450,WOMEN'S ADVANCED,0.0,0,0.5,NAMYA MALIK,GRACE CONHEADY,KATIE IMHOF,HAYLEY JAMES,THE REAL RIM SHADY,VENOM,False,THE REAL RIM SHADY,0.5,2021SEATTLE
6,213,1614,WOMEN'S ADVANCED,21.0,0,1.0,KIRSTIE SAVAGE,KATIE PIERSON,NAMYA MALIK,GRACE CONHEADY,FELLER/PIERSON,THE REAL RIM SHADY,False,FELLER/PIERSON,0.13099219198995996,2021SEATTLE
7,214,1765,WOMEN'S ADVANCED,18.0,0,1.0,JORDANN VIGNA,FREDE CRETE,KALIN MIRAMONTES,KAYLA WU,VIGNA/CRÊTE,THUS PARABATAI,True,THUS PARABATAI,0.9741233298164996,2021SEATTLE
8,215,1426,WOMEN'S ADVANCED,18.0,0,0.0,MEY HELM,PERRIN YORK,BECKY SHAPIRO,EVE FARRELL,DIET DR. KELP,TULIP,False,DIET DR. KELP,0.5668806322267493,2021SEATTLE
9,216,1590,WOMEN'S ADVANCED,21.0,0,1.0,KIRSTIE SAVAGE,KATIE PIERSON,MEY HELM,PERRIN YORK,FELLER/PIERSON,DIET DR. KELP,False,FELLER/PIERSON,0.10327538174340983,2021SEATTLE
10,217,1450,WOMEN'S ADVANCED,0.0,0,0.5,JORDANN VIGNA,FREDE CRETE,KATIE IMHOF,HAYLEY JAMES,VIGNA/CRÊTE,VENOM,False,VIGNA/CRÊTE,0.5,2021SEATTLE
11,218,1765,WOMEN'S ADVANCED,18.0,0,1.0,KALIN MIRAMONTES,KAYLA WU,BECKY SHAPIRO,EVE FARRELL,THUS PARABATAI,TULIP,False,THUS PARABATAI,0.025876670183500493,2021SEATTLE
12,219,1450,WOMEN'S ADVANCED,0.0,0,0.5,JORDANN VIGNA,FREDE CRETE,NAMYA MALIK,GRACE CONHEADY,VIGNA/CRÊTE,THE REAL RIM SHADY,False,VIGNA/CRÊTE,0.5,2021SEATTLE
13,220,1741,WOMEN'S ADVANCED,18.0,9,1.0,KALIN MIRAMONTES,KAYLA WU,MEY HELM,PERRIN YORK,THUS PARABATAI,DIET DR. KELP,False,THUS PARABATAI,0.01989226551483248,2021SEATTLE
14,221,1450,WOMEN'S ADVANCED,0.0,0,0.5,BECKY SHAPIRO,EVE FARRELL,KATIE IMHOF,HAYLEY JAMES,TULIP,VENOM,True,VENOM,0.5,2021SEATTLE
15,222,1929,WOMEN'S ADVANCED,21.0,0,1.0,KIRSTIE SAVAGE,KATIE PIERSON,KALIN MIRAMONTES,KAYLA WU,FELLER/PIERSON,THUS PARABATAI,True,THUS PARABATAI,0.8501759507013619,2021SEATTLE
16,223,1426,WOMEN'S ADVANCED,18.0,0,0.0,MEY HELM,PERRIN YORK,KATIE IMHOF,HAYLEY JAMES,DIET DR. KELP,VENOM,False,DIET DR. KELP,0.5668806322267493,2021SEATTLE
17,224,1450,WOMEN'S ADVANCED,0.0,0,0.5,NAMYA MALIK,GRACE CONHEADY,BECKY SHAPIRO,EVE FARRELL,THE REAL RIM SHADY,TULIP,False,THE REAL RIM SHADY,0.5,2021SEATTLE
18,225,1614,WOMEN'S ADVANCED,21.0,0,0.0,KIRSTIE SAVAGE,KATIE PIERSON,JORDANN VIGNA,FREDE CRETE,FELLER/PIERSON,VIGNA/CRÊTE,True,VIGNA/CRÊTE,0.13099219198995996,2021SEATTLE
19,226,1765,WOMEN'S ADVANCED,18.0,0,1.0,KALIN MIRAMONTES,KAYLA WU,KATIE IMHOF,HAYLEY JAMES,THUS PARABATAI,VENOM,False,THUS PARABATAI,0.025876670183500493,2021SEATTLE
20,227,1426,WOMEN'S ADVANCED,18.0,0,0.0,MEY HELM,PERRIN YORK,NAMYA MALIK,GRACE CONHEADY,DIET DR. KELP,THE REAL RIM SHADY,False,DIET DR. KELP,0.5668806322267493,2021SEATTLE
21,228,1426,WOMEN'S ADVANCED,18.0,0,0.0,MEY HELM,PERRIN YORK,NAMYA MALIK,GRACE CONHEADY,DIET DR. KELP,THE REAL RIM SHADY,False,DIET DR. KELP,0.5668806322267493,2021SEATTLE
22,229,1450,WOMEN'S ADVANCED,0.0,0,0.5,JORDANN VIGNA,FREDE CRETE,BECKY SHAPIRO,EVE FARRELL,VIGNA/CRÊTE,TULIP,False,VIGNA/CRÊTE,0.5,2021SEATTLE
23,230,1614,WOMEN'S ADVANCED,21.0,0,1.0,KIRSTIE SAVAGE,KATIE PIERSON,KATIE IMHOF,HAYLEY JAMES,FELLER/PIERSON,VENOM,False,FELLER/PIERSON,0.13099219198995996,2021SEATTLE
24,231,1741,WOMEN'S ADVANCED,18.0,9,1.0,KALIN MIRAMONTES,KAYLA WU,MEY HELM,PERRIN YORK,THUS PARABATAI,DIET DR. KELP,False,THUS PARABATAI,0.01989226551483248,2021SEATTLE
25,232,1614,WOMEN'S ADVANCED,21.0,0,0.0,JORDANN VIGNA,FREDE CRETE,KIRSTIE SAVAGE,KATIE PIERSON,VIGNA/CRÊTE,FELLER/PIERSON,False,VIGNA/CRÊTE,0.8690078080100401,2021SEATTLE
26,233,1765,WOMEN'S ADVANCED,18.0,0,1.0,KALIN MIRAMONTES,KAYLA WU,JORDANN VIGNA,FREDE CRETE,THUS PARABATAI,VIGNA/CRÊTE,False,THUS PARABATAI,0.025876670183500493,2021SEATTLE
27,234,1590,WOMEN'S ADVANCED,21.0,0,1.0,KIRSTIE SAVAGE,KATIE PIERSON,MEY HELM,PERRIN YORK,FELLER/PIERSON,DIET DR. KELP,False,FELLER/PIERSON,0.10327538174340983,2021SEATTLE
0,235,1939,WOMEN'S,26.0,9,1.0,KALIN MIRAMONTES,KAYLA WU,LEXI STRONG,NICOL GAHLEY,THUS PARABATAI,YOUR STEP MOM,False,THUS PARABATAI,0.03420503762704506,2021SALTLAKECITY
1,236,1754,WOMEN'S,27.0,5,1.0,KARAH HUI,ALLIE FOSTER,ALEXI NESS,MEY HELM,ZOOMIES,THING,False,ZOOMIES,0.12998698716080984,2021SALTLAKECITY
2,237,1912,WOMEN'S,19.0,6,1.0,OLIVIA JENKI,ALI JENKI,LIZA MURRAY,WHITNEY FRAIRE,TWINZ,LITNEY,False,TWINZ,0.3276375587152859,2021SALTLAKECITY
3,238,1710,WOMEN'S,30.0,9,1.0,KATIE PIERSON,KIRSTIE SAVAGE,ALEX BUCKMAN,PERRIN YORK,FELLER/PIERSON,MR. & MRS. BUCKMAN,False,FELLER/PIERSON,0.3278932923006954,2021SALTLAKECITY
4,239,1324,WOMEN'S,9.0,0,1.0,CAMILLE ANDERSON,KAITLIN RO,HAYLEE HAMMOND,NICOLE WARNER,IDAHOMIES,BLOOD BENDERS,False,IDAHOMIES,0.3199269975086307,2021SALTLAKECITY
5,240,1435,WOMEN'S,9.0,0,0.0,KENNA CLARK,GRACE BRUNO,ALEAH GREGORY,HALEY COWAN,SWING AND A MISS,SOGGY CARDBOARD,True,SOGGY CARDBOARD,0.45844596707435814,2021SALTLAKECITY
6,241,1909,WOMEN'S,27.0,5,1.0,KALIN MIRAMONTES,KAYLA WU,ALEXI NESS,MEY HELM,THUS PARABATAI,THING,False,THUS PARABATAI,0.02442923236487814,2021SALTLAKECITY
7,242,1784,WOMEN'S,24.0,9,1.0,KARAH HUI,ALLIE FOSTER,LEXI STRONG,NICOL GAHLEY,ZOOMIES,YOUR STEP MOM,False,ZOOMIES,0.17445020960508112,2021SALTLAKECITY
8,243,1811,WOMEN'S,18.0,6,1.0,OLIVIA JENKI,ALI JENKI,ALEX BUCKMAN,PERRIN YORK,TWINZ,MR. & MRS. BUCKMAN,False,TWINZ,0.1321613266867727,2021SALTLAKECITY
9,244,1811,WOMEN'S,30.0,9,0.0,KATIE PIERSON,KIRSTIE SAVAGE,LIZA MURRAY,WHITNEY FRAIRE,FELLER/PIERSON,LITNEY,False,FELLER/PIERSON,0.6095364311806444,2021SALTLAKECITY
10,245,1405,WOMEN'S,9.0,9,0.0,CAMILLE ANDERSON,KAITLIN RO,ALEAH GREGORY,HALEY COWAN,IDAHOMIES,SOGGY CARDBOARD,False,IDAHOMIES,0.5445494977933506,2021SALTLAKECITY
11,246,1354,WOMEN'S,8.0,0,0.0,KENNA CLARK,GRACE BRUNO,HAYLEE HAMMOND,NICOLE WARNER,SWING AND A MISS,BLOOD BENDERS,True,BLOOD BENDERS,0.24985617188218076,2021SALTLAKECITY
12,247,2074,WOMEN'S,26.0,20,1.0,KALIN MIRAMONTES,KAYLA WU,KARAH HUI,ALLIE FOSTER,THUS PARABATAI,ZOOMIES,False,THUS PARABATAI,0.1435431294514983,2021SALTLAKECITY
13,248,1619,WOMEN'S,27.0,5,1.0,ALEXI NESS,MEY HELM,LEXI STRONG,NICOL GAHLEY,THING,YOUR STEP MOM,True,YOUR STEP MOM,0.5858082809512121,2021SALTLAKECITY
14,249,1873,WOMEN'S,30.0,6,1.0,OLIVIA JENKI,ALI JENKI,KATIE PIERSON,KIRSTIE SAVAGE,TWINZ,FELLER/PIERSON,False,TWINZ,0.23789524379798943,2021SALTLAKECITY
15,250,1749,WOMEN'S,19.0,9,1.0,ALEX BUCKMAN,PERRIN YORK,LIZA MURRAY,WHITNEY FRAIRE,MR. & MRS. BUCKMAN,LITNEY,True,LITNEY,0.7618942638505544,2021SALTLAKECITY
16,251,1420,WOMEN'S,9.0,0,0.0,CAMILLE ANDERSON,KAITLIN RO,KENNA CLARK,GRACE BRUNO,IDAHOMIES,SWING AND A MISS,False,IDAHOMIES,0.5854706339064104,2021SALTLAKECITY
17,252,1340,WOMEN'S,9.0,0,0.0,ALEAH GREGORY,HALEY COWAN,HAYLEE HAMMOND,NICOLE WARNER,SOGGY CARDBOARD,BLOOD BENDERS,True,BLOOD BENDERS,0.2823612333393172,2021SALTLAKECITY
18,253,1519,WOMEN'S,18.0,9,0.0,ALEX BUCKMAN,PERRIN YORK,CAMILLE ANDERSON,KAITLIN RO,MR. & MRS. BUCKMAN,IDAHOMIES,True,IDAHOMIES,0.18464381858469595,2021SALTLAKECITY
19,254,1535,WOMEN'S,9.0,9,1.0,LEXI STRONG,NICOL GAHLEY,ALEAH GREGORY,HALEY COWAN,YOUR STEP MOM,SOGGY CARDBOARD,False,YOUR STEP MOM,0.2113960240267374,2021SALTLAKECITY
20,255,1424,WOMEN'S,27.0,0,0.0,ALEXI NESS,MEY HELM,HAYLEE HAMMOND,NICOLE WARNER,THING,BLOOD BENDERS,True,BLOOD BENDERS,0.129809236481577,2021SALTLAKECITY
21,256,1650,WOMEN'S,19.0,0,1.0,LIZA MURRAY,WHITNEY FRAIRE,KENNA CLARK,GRACE BRUNO,LITNEY,SWING AND A MISS,False,LITNEY,0.0908733925994576,2021SALTLAKECITY
22,257,1810,WOMEN'S,26.0,9,1.0,KALIN MIRAMONTES,KAYLA WU,CAMILLE ANDERSON,KAITLIN RO,THUS PARABATAI,IDAHOMIES,False,THUS PARABATAI,0.00787792650441053,2021SALTLAKECITY
23,258,1711,WOMEN'S,30.0,9,1.0,KATIE PIERSON,KIRSTIE SAVAGE,LEXI STRONG,NICOL GAHLEY,FELLER/PIERSON,YOUR STEP MOM,False,FELLER/PIERSON,0.3301022838806339,2021SALTLAKECITY
24,259,1616,WOMEN'S,8.0,0,1.0,OLIVIA JENKI,ALI JENKI,HAYLEE HAMMOND,NICOLE WARNER,TWINZ,BLOOD BENDERS,False,TWINZ,0.015964630071121918,2021SALTLAKECITY
25,260,1884,WOMEN'S,24.0,9,1.0,KARAH HUI,ALLIE FOSTER,LIZA MURRAY,WHITNEY FRAIRE,ZOOMIES,LITNEY,False,ZOOMIES,0.4009943533521351,2021SALTLAKECITY
26,261,1884,WOMEN'S,24.0,9,1.0,KARAH HUI,ALLIE FOSTER,LIZA MURRAY,WHITNEY FRAIRE,ZOOMIES,LITNEY,False,ZOOMIES,0.4009943533521351,2021SALTLAKECITY
27,262,2001,WOMEN'S,30.0,9,1.0,KALIN MIRAMONTES,KAYLA WU,KATIE PIERSON,KIRSTIE SAVAGE,THUS PARABATAI,FELLER/PIERSON,False,THUS PARABATAI,0.06705355658682492,2021SALTLAKECITY
28,263,1947,WOMEN'S,24.0,6,1.0,OLIVIA JENKI,ALI JENKI,KARAH HUI,ALLIE FOSTER,TWINZ,ZOOMIES,False,TWINZ,0.42126907832717786,2021SALTLAKECITY
29,264,2102,WOMEN'S,26.0,6,0.0,KALIN MIRAMONTES,KAYLA WU,OLIVIA JENKI,ALI JENKI,THUS PARABATAI,TWINZ,True,TWINZ,0.18715511277486102,2021SALTLAKECITY
30,265,1846,WOMEN'S,30.0,9,1.0,KARAH HUI,ALLIE FOSTER,KATIE PIERSON,KIRSTIE SAVAGE,ZOOMIES,FELLER/PIERSON,False,ZOOMIES,0.3001281436032674,2021SALTLAKECITY
31,266,1519,WOMEN'S,9.0,9,0.0,LEXI STRONG,NICOL GAHLEY,CAMILLE ANDERSON,KAITLIN RO,YOUR STEP MOM,IDAHOMIES,True,IDAHOMIES,0.18314209988615282,2021SALTLAKECITY
32,267,1554,WOMEN'S,19.0,0,1.0,LIZA MURRAY,WHITNEY FRAIRE,HAYLEE HAMMOND,NICOLE WARNER,LITNEY,BLOOD BENDERS,False,LITNEY,0.032220647745683895,2021SALTLAKECITY
33,268,1454,WOMEN'S,9.0,0,1.0,HAYLEE HAMMOND,NICOLE WARNER,LEXI STRONG,NICOL GAHLEY,BLOOD BENDERS,YOUR STEP MOM,True,YOUR STEP MOM,0.9045910099291884,2021SALTLAKECITY
34,269,1534,WOMEN'S,18.0,9,1.0,ALEX BUCKMAN,PERRIN YORK,ALEAH GREGORY,HALEY COWAN,MR. & MRS. BUCKMAN,SOGGY CARDBOARD,False,MR. & MRS. BUCKMAN,0.21306898768345575,2021SALTLAKECITY
35,270,1519,WOMEN'S,27.0,0,1.0,ALEXI NESS,MEY HELM,KENNA CLARK,GRACE BRUNO,THING,SWING AND A MISS,False,THING,0.309327115146265,2021SALTLAKECITY
36,271,1618,WOMEN'S,27.0,5,1.0,ALEX BUCKMAN,PERRIN YORK,ALEXI NESS,MEY HELM,MR. & MRS. BUCKMAN,THING,False,MR. & MRS. BUCKMAN,0.41662171027540545,2021SALTLAKECITY
37,272,1435,WOMEN'S,9.0,0,0.0,KENNA CLARK,GRACE BRUNO,ALEAH GREGORY,HALEY COWAN,SWING AND A MISS,SOGGY CARDBOARD,True,SOGGY CARDBOARD,0.45844596707435814,2021SALTLAKECITY
0,273,1980,WOMEN'S,36.0,8,1.0,KATIE PIERSON,ALI JENKI,AMANDALYNN CALDER,WHITNEY FRAIRE,JENKI/PIERSON,SOMETHING INTIMIDATING,False,JENKI/PIERSON,0.21718027270671353,2021CHICAGO
1,274,1825,WOMEN'S,27.0,0,1.0,ALLIE FOSTER,OLIVIA JENKI,CECILIA KOWARA,SAM GREATHOUSE,UGLY BARNACLES,FROZEN GRAPES,False,UGLY BARNACLES,0.013158592255363108,2021CHICAGO
2,275,1845,WOMEN'S,32.0,0,1.0,KARAH HUI,KALIN MIRAMONTES,SARAH ALLEN,LOU WASHBURN,STRAIGHT OUTTA KALI,"2 JUMPERS, 4 BAD KNEES",False,STRAIGHT OUTTA KALI,0.038892940333391024,2021CHICAGO
3,276,1450,WOMEN'S,0.0,0,0.5,MACY EMICH,LYDIA PENIX,JENNA MARKEL,AUDREY MEYER-HAGEN,HUGS NOT DRUGS,XTRATUF SPIKERS,True,XTRATUF SPIKERS,0.5,2021CHICAGO
4,277,1375,WOMEN'S,5.0,0,1.0,YENI RUIZ,CARLA ZAPATA,JESSIE LARSON,LINDSAY METZGER,MAMIS,BUNDA BABES,False,MAMIS,0.2966239041197633,2021CHICAGO
5,278,1770,WOMEN'S,36.0,0,1.0,KATIE PIERSON,ALI JENKI,CECILIA KOWARA,SAM GREATHOUSE,JENKI/PIERSON,FROZEN GRAPES,False,JENKI/PIERSON,0.024299004864435283,2021CHICAGO
6,279,2004,WOMEN'S,27.0,6,1.0,ALLIE FOSTER,OLIVIA JENKI,KRISTA SHROCK,ASHLEY SHOWALTER,UGLY BARNACLES,SHOWALTER/SHROCK,False,UGLY BARNACLES,0.09518296402074733,2021CHICAGO
7,280,1717,WOMEN'S,26.0,0,0.0,SARAH ALLEN,LOU WASHBURN,AMANDALYNN CALDER,WHITNEY FRAIRE,"2 JUMPERS, 4 BAD KNEES",SOMETHING INTIMIDATING,False,"2 JUMPERS, 4 BAD KNEES",0.8504755219355782,2021CHICAGO
8,281,1375,WOMEN'S,5.0,0,0.0,MACY EMICH,LYDIA PENIX,JESSIE LARSON,LINDSAY METZGER,HUGS NOT DRUGS,BUNDA BABES,True,BUNDA BABES,0.2966239041197633,2021CHICAGO
9,282,1450,WOMEN'S,0.0,0,0.5,ISABELLA KEEGAN,CLAIRE DE ANGELO,JENNA MARKEL,AUDREY MEYER-HAGEN,FREEDUB,XTRATUF SPIKERS,False,FREEDUB,0.5,2021CHICAGO
10,283,1829,WOMEN'S,36.0,0,1.0,KATIE PIERSON,ALI JENKI,SARAH ALLEN,LOU WASHBURN,JENKI/PIERSON,"2 JUMPERS, 4 BAD KNEES",False,JENKI/PIERSON,0.04650784470612686,2021CHICAGO
11,284,2161,WOMEN'S,32.0,12,1.0,ALLIE FOSTER,OLIVIA JENKI,KARAH HUI,KALIN MIRAMONTES,UGLY BARNACLES,STRAIGHT OUTTA KALI,False,UGLY BARNACLES,0.39222937205996394,2021CHICAGO
12,285,1629,WOMEN'S,6.0,0,1.0,KRISTA SHROCK,ASHLEY SHOWALTER,CECILIA KOWARA,SAM GREATHOUSE,SHOWALTER/SHROCK,FROZEN GRAPES,False,SHOWALTER/SHROCK,0.11249527544447732,2021CHICAGO
13,286,1450,WOMEN'S,0.0,0,0.5,MACY EMICH,LYDIA PENIX,ISABELLA KEEGAN,CLAIRE DE ANGELO,HUGS NOT DRUGS,FREEDUB,True,FREEDUB,0.5,2021CHICAGO
14,287,1450,WOMEN'S,0.0,0,0.5,YENI RUIZ,CARLA ZAPATA,JENNA MARKEL,AUDREY MEYER-HAGEN,MAMIS,XTRATUF SPIKERS,False,MAMIS,0.5,2021CHICAGO
15,288,1950,WOMEN'S,36.0,6,1.0,KATIE PIERSON,ALI JENKI,KRISTA SHROCK,ASHLEY SHOWALTER,JENKI/PIERSON,SHOWALTER/SHROCK,False,JENKI/PIERSON,0.1642118012552002,2021CHICAGO
16,289,2034,WOMEN'S,27.0,8,1.0,ALLIE FOSTER,OLIVIA JENKI,AMANDALYNN CALDER,WHITNEY FRAIRE,UGLY BARNACLES,SOMETHING INTIMIDATING,False,UGLY BARNACLES,0.12933084036265913,2021CHICAGO
17,290,1786,WOMEN'S,32.0,0,1.0,KARAH HUI,KALIN MIRAMONTES,CECILIA KOWARA,SAM GREATHOUSE,STRAIGHT OUTTA KALI,FROZEN GRAPES,False,STRAIGHT OUTTA KALI,0.020243235677051594,2021CHICAGO
18,291,1450,WOMEN'S,0.0,0,0.5,YENI RUIZ,CARLA ZAPATA,ISABELLA KEEGAN,CLAIRE DE ANGELO,MAMIS,FREEDUB,False,MAMIS,0.5,2021CHICAGO
19,292,1375,WOMEN'S,5.0,0,1.0,JESSIE LARSON,LINDSAY METZGER,JENNA MARKEL,AUDREY MEYER-HAGEN,BUNDA BABES,XTRATUF SPIKERS,True,XTRATUF SPIKERS,0.7033760958802366,2021CHICAGO
20,293,1883,WOMEN'S,27.0,0,1.0,ALLIE FOSTER,OLIVIA JENKI,SARAH ALLEN,LOU WASHBURN,UGLY BARNACLES,"2 JUMPERS, 4 BAD KNEES",False,UGLY BARNACLES,0.025450899715830897,2021CHICAGO
21,294,1966,WOMEN'S,32.0,6,1.0,KARAH HUI,KALIN MIRAMONTES,KRISTA SHROCK,ASHLEY SHOWALTER,STRAIGHT OUTTA KALI,SHOWALTER/SHROCK,False,STRAIGHT OUTTA KALI,0.1401576709670956,2021CHICAGO
22,295,1659,WOMEN'S,26.0,0,1.0,CECILIA KOWARA,SAM GREATHOUSE,AMANDALYNN CALDER,WHITNEY FRAIRE,FROZEN GRAPES,SOMETHING INTIMIDATING,True,SOMETHING INTIMIDATING,0.9176279698054866,2021CHICAGO
23,296,1450,WOMEN'S,0.0,0,0.5,MACY EMICH,LYDIA PENIX,YENI RUIZ,CARLA ZAPATA,HUGS NOT DRUGS,MAMIS,True,MAMIS,0.5,2021CHICAGO
24,297,1375,WOMEN'S,5.0,0,1.0,ISABELLA KEEGAN,CLAIRE DE ANGELO,JESSIE LARSON,LINDSAY METZGER,FREEDUB,BUNDA BABES,False,FREEDUB,0.2966239041197633,2021CHICAGO
25,298,2107,WOMEN'S,36.0,12,0.0,KATIE PIERSON,ALI JENKI,KARAH HUI,KALIN MIRAMONTES,JENKI/PIERSON,STRAIGHT OUTTA KALI,False,JENKI/PIERSON,0.5465554708173727,2021CHICAGO
26,299,1838,WOMEN'S,26.0,6,0.0,KRISTA SHROCK,ASHLEY SHOWALTER,AMANDALYNN CALDER,WHITNEY FRAIRE,SHOWALTER/SHROCK,SOMETHING INTIMIDATING,False,SHOWALTER/SHROCK,0.5854151236145564,2021CHICAGO
27,300,1508,WOMEN'S,24.0,0,1.0,SARAH ALLEN,LOU WASHBURN,CECILIA KOWARA,SAM GREATHOUSE,"2 JUMPERS, 4 BAD KNEES",FROZEN GRAPES,False,"2 JUMPERS, 4 BAD KNEES",0.3380020298857004,2021CHICAGO
28,301,2145,WOMEN'S,36.0,12,0.0,KATIE PIERSON,ALI JENKI,ALLIE FOSTER,OLIVIA JENKI,JENKI/PIERSON,UGLY BARNACLES,False,JENKI/PIERSON,0.6512898255328227,2021CHICAGO
29,302,1996,WOMEN'S,32.0,8,1.0,KARAH HUI,KALIN MIRAMONTES,AMANDALYNN CALDER,WHITNEY FRAIRE,STRAIGHT OUTTA KALI,SOMETHING INTIMIDATING,False,STRAIGHT OUTTA KALI,0.18710415680176049,2021CHICAGO
30,303,1687,WOMEN'S,24.0,0,1.0,KRISTA SHROCK,ASHLEY SHOWALTER,SARAH ALLEN,LOU WASHBURN,SHOWALTER/SHROCK,"2 JUMPERS, 4 BAD KNEES",False,SHOWALTER/SHROCK,0.19888272280456998,2021CHICAGO
31,304,1450,WOMEN'S,0.0,0,0.5,YENI RUIZ,CARLA ZAPATA,ISABELLA KEEGAN,CLAIRE DE ANGELO,MAMIS,FREEDUB,False,MAMIS,0.5,2021CHICAGO
32,305,1508,WOMEN'S,24.0,0,1.0,SARAH ALLEN,LOU WASHBURN,MACY EMICH,LYDIA PENIX,"2 JUMPERS, 4 BAD KNEES",HUGS NOT DRUGS,False,"2 JUMPERS, 4 BAD KNEES",0.3380020298857004,2021CHICAGO
33,306,1450,WOMEN'S,0.0,0,0.5,CECILIA KOWARA,SAM GREATHOUSE,JENNA MARKEL,AUDREY MEYER-HAGEN,FROZEN GRAPES,XTRATUF SPIKERS,False,FROZEN GRAPES,0.5,2021CHICAGO
34,307,1584,WOMEN'S,26.0,0,1.0,AMANDALYNN CALDER,WHITNEY FRAIRE,JESSIE LARSON,LINDSAY METZGER,SOMETHING INTIMIDATING,BUNDA BABES,False,SOMETHING INTIMIDATING,0.036474947905978196,2021CHICAGO
35,308,1770,WOMEN'S,36.0,0,1.0,KATIE PIERSON,ALI JENKI,YENI RUIZ,CARLA ZAPATA,JENKI/PIERSON,MAMIS,False,JENKI/PIERSON,0.024299004864435283,2021CHICAGO
36,309,1687,WOMEN'S,24.0,0,1.0,KRISTA SHROCK,ASHLEY SHOWALTER,SARAH ALLEN,LOU WASHBURN,SHOWALTER/SHROCK,"2 JUMPERS, 4 BAD KNEES",False,SHOWALTER/SHROCK,0.19888272280456998,2021CHICAGO
37,310,1825,WOMEN'S,27.0,0,1.0,ALLIE FOSTER,OLIVIA JENKI,CECILIA KOWARA,SAM GREATHOUSE,UGLY BARNACLES,FROZEN GRAPES,False,UGLY BARNACLES,0.013158592255363108,2021CHICAGO
38,311,1996,WOMEN'S,32.0,8,1.0,KARAH HUI,KALIN MIRAMONTES,AMANDALYNN CALDER,WHITNEY FRAIRE,STRAIGHT OUTTA KALI,SOMETHING INTIMIDATING,False,STRAIGHT OUTTA KALI,0.18710415680176049,2021CHICAGO
39,312,1950,WOMEN'S,36.0,6,1.0,KATIE PIERSON,ALI JENKI,KRISTA SHROCK,ASHLEY SHOWALTER,JENKI/PIERSON,SHOWALTER/SHROCK,False,JENKI/PIERSON,0.1642118012552002,2021CHICAGO
40,313,2161,WOMEN'S,32.0,12,0.0,ALLIE FOSTER,OLIVIA JENKI,KARAH HUI,KALIN MIRAMONTES,UGLY BARNACLES,STRAIGHT OUTTA KALI,True,STRAIGHT OUTTA KALI,0.39222937205996394,2021CHICAGO
41,314,2107,WOMEN'S,36.0,12,0.0,KATIE PIERSON,ALI JENKI,KARAH HUI,KALIN MIRAMONTES,JENKI/PIERSON,STRAIGHT OUTTA KALI,False,JENKI/PIERSON,0.5465554708173727,2021CHICAGO
42,315,1508,WOMEN'S,24.0,0,1.0,SARAH ALLEN,LOU WASHBURN,YENI RUIZ,CARLA ZAPATA,"2 JUMPERS, 4 BAD KNEES",MAMIS,False,"2 JUMPERS, 4 BAD KNEES",0.3380020298857004,2021CHICAGO
43,316,1659,WOMEN'S,26.0,0,1.0,AMANDALYNN CALDER,WHITNEY FRAIRE,CECILIA KOWARA,SAM GREATHOUSE,SOMETHING INTIMIDATING,FROZEN GRAPES,False,SOMETHING INTIMIDATING,0.08237203019451339,2021CHICAGO
44,317,1717,WOMEN'S,26.0,0,1.0,SARAH ALLEN,LOU WASHBURN,AMANDALYNN CALDER,WHITNEY FRAIRE,"2 JUMPERS, 4 BAD KNEES",SOMETHING INTIMIDATING,True,SOMETHING INTIMIDATING,0.8504755219355782,2021CHICAGO
45,318,1450,WOMEN'S,0.0,0,0.5,ISABELLA KEEGAN,CLAIRE DE ANGELO,MACY EMICH,LYDIA PENIX,FREEDUB,HUGS NOT DRUGS,False,FREEDUB,0.5,2021CHICAGO
46,319,1375,WOMEN'S,5.0,0,0.0,JENNA MARKEL,AUDREY MEYER-HAGEN,JESSIE LARSON,LINDSAY METZGER,XTRATUF SPIKERS,BUNDA BABES,True,BUNDA BABES,0.2966239041197633,2021CHICAGO
47,320,1375,WOMEN'S,5.0,0,0.0,ISABELLA KEEGAN,CLAIRE DE ANGELO,JESSIE LARSON,LINDSAY METZGER,FREEDUB,BUNDA BABES,True,BUNDA BABES,0.2966239041197633,2021CHICAGO
0,321,1669,WOMEN'S,45.0,0,1.0,BEKAH SMITH,KATIE PIERSON,RYANNE CEPEDA,CHELSEA CEPEDA,SMITH/PIERSON,SISTER SPIKE SQUAD,False,SMITH/PIERSON,0.07362031778064057,SE-GAINESVILLE21
1,322,1450,WOMEN'S,0.0,0,0.5,ABBIE POST,JENSEN BELL,ASHLEY CASTANO,MORGAN MITCHELL,CAN I SPIKE 4 U?,MITCHELL/CASTANO,False,CAN I SPIKE 4 U?,0.5,SE-GAINESVILLE21
2,323,1450,WOMEN'S,0.0,0,0.5,RACHEL BURKHARDT,MK HENRY,LIZ GORMLEY,DANIELA ROMERO,SUGAR & SPIKE,HYPE & SPICY,False,SUGAR & SPIKE,0.5,SE-GAINESVILLE21
3,324,1476,WOMEN'S,10.0,0,1.0,LOU WASHBURN,TEDDI LESOINE,LEAH PALMER,MONTANA ERWIN,RUH ROH,THE SPIKES GIRLS,False,RUH ROH,0.4244319562057518,SE-GAINESVILLE21
4,325,1450,WOMEN'S,6.0,0,1.0,HAILEY EDWARDS,NICOLE DOLAK,JESSIKA WOJCIECHOWSKI,JULIE BUTLER,WERE BETTER THAN OUR BOYFRIENDS,EASY MONEY,False,WERE BETTER THAN OUR BOYFRIENDS,0.4993608129242481,SE-GAINESVILLE21
5,326,1442,WOMEN'S,9.0,0,0.0,SAIGE DUKE,MELISSA MACLEAN,BRIANNA KIRBY,EMMA LEATHERS,SPIKEBENDERS,OFF THE BALL,False,SPIKEBENDERS,0.5208083225908254,SE-GAINESVILLE21
6,327,1669,WOMEN'S,45.0,0,1.0,BEKAH SMITH,KATIE PIERSON,ASHLEY CASTANO,MORGAN MITCHELL,SMITH/PIERSON,MITCHELL/CASTANO,False,SMITH/PIERSON,0.07362031778064057,SE-GAINESVILLE21
7,328,1450,WOMEN'S,0.0,0,0.5,ABBIE POST,JENSEN BELL,RACHEL BURKHARDT,MK HENRY,CAN I SPIKE 4 U?,SUGAR & SPIKE,False,CAN I SPIKE 4 U?,0.5,SE-GAINESVILLE21
8,329,1450,WOMEN'S,0.0,0,0.5,LIZ GORMLEY,DANIELA ROMERO,RYANNE CEPEDA,CHELSEA CEPEDA,HYPE & SPICY,SISTER SPIKE SQUAD,False,HYPE & SPICY,0.5,SE-GAINESVILLE21
9,330,1476,WOMEN'S,10.0,0,1.0,LOU WASHBURN,TEDDI LESOINE,JESSIKA WOJCIECHOWSKI,JULIE BUTLER,RUH ROH,EASY MONEY,False,RUH ROH,0.4244319562057518,SE-GAINESVILLE21
10,331,1442,WOMEN'S,9.0,0,1.0,HAILEY EDWARDS,NICOLE DOLAK,SAIGE DUKE,MELISSA MACLEAN,WERE BETTER THAN OUR BOYFRIENDS,SPIKEBENDERS,False,WERE BETTER THAN OUR BOYFRIENDS,0.4785536313154832,SE-GAINESVILLE21
11,332,1450,WOMEN'S,0.0,0,0.5,BRIANNA KIRBY,EMMA LEATHERS,LEAH PALMER,MONTANA ERWIN,OFF THE BALL,THE SPIKES GIRLS,False,OFF THE BALL,0.5,SE-GAINESVILLE21
12,333,1669,WOMEN'S,45.0,0,1.0,BEKAH SMITH,KATIE PIERSON,LIZ GORMLEY,DANIELA ROMERO,SMITH/PIERSON,HYPE & SPICY,False,SMITH/PIERSON,0.07362031778064057,SE-GAINESVILLE21
13,334,1450,WOMEN'S,0.0,0,0.5,ABBIE POST,JENSEN BELL,RYANNE CEPEDA,CHELSEA CEPEDA,CAN I SPIKE 4 U?,SISTER SPIKE SQUAD,False,CAN I SPIKE 4 U?,0.5,SE-GAINESVILLE21
14,335,1450,WOMEN'S,0.0,0,0.5,RACHEL BURKHARDT,MK HENRY,ASHLEY CASTANO,MORGAN MITCHELL,SUGAR & SPIKE,MITCHELL/CASTANO,False,SUGAR & SPIKE,0.5,SE-GAINESVILLE21
15,336,1476,WOMEN'S,10.0,0,1.0,LOU WASHBURN,TEDDI LESOINE,BRIANNA KIRBY,EMMA LEATHERS,RUH ROH,OFF THE BALL,False,RUH ROH,0.4244319562057518,SE-GAINESVILLE21
16,337,1450,WOMEN'S,6.0,0,1.0,HAILEY EDWARDS,NICOLE DOLAK,LEAH PALMER,MONTANA ERWIN,WERE BETTER THAN OUR BOYFRIENDS,THE SPIKES GIRLS,False,WERE BETTER THAN OUR BOYFRIENDS,0.4993608129242481,SE-GAINESVILLE21
17,338,1442,WOMEN'S,9.0,0,1.0,SAIGE DUKE,MELISSA MACLEAN,JESSIKA WOJCIECHOWSKI,JULIE BUTLER,SPIKEBENDERS,EASY MONEY,True,EASY MONEY,0.5208083225908254,SE-GAINESVILLE21
18,339,1669,WOMEN'S,45.0,0,1.0,BEKAH SMITH,KATIE PIERSON,RACHEL BURKHARDT,MK HENRY,SMITH/PIERSON,SUGAR & SPIKE,False,SMITH/PIERSON,0.07362031778064057,SE-GAINESVILLE21
19,340,1450,WOMEN'S,0.0,0,0.5,ABBIE POST,JENSEN BELL,LIZ GORMLEY,DANIELA ROMERO,CAN I SPIKE 4 U?,HYPE & SPICY,False,CAN I SPIKE 4 U?,0.5,SE-GAINESVILLE21
20,341,1450,WOMEN'S,0.0,0,0.5,ASHLEY CASTANO,MORGAN MITCHELL,RYANNE CEPEDA,CHELSEA CEPEDA,MITCHELL/CASTANO,SISTER SPIKE SQUAD,False,MITCHELL/CASTANO,0.5,SE-GAINESVILLE21
21,342,1469,WOMEN'S,10.0,7,1.0,LOU WASHBURN,TEDDI LESOINE,SAIGE DUKE,MELISSA MACLEAN,RUH ROH,SPIKEBENDERS,False,RUH ROH,0.4042260305187896,SE-GAINESVILLE21
22,343,1450,WOMEN'S,6.0,0,1.0,HAILEY EDWARDS,NICOLE DOLAK,BRIANNA KIRBY,EMMA LEATHERS,WERE BETTER THAN OUR BOYFRIENDS,OFF THE BALL,False,WERE BETTER THAN OUR BOYFRIENDS,0.4993608129242481,SE-GAINESVILLE21
23,344,1450,WOMEN'S,0.0,0,0.5,JESSIKA WOJCIECHOWSKI,JULIE BUTLER,LEAH PALMER,MONTANA ERWIN,EASY MONEY,THE SPIKES GIRLS,False,EASY MONEY,0.5,SE-GAINESVILLE21
24,345,1669,WOMEN'S,45.0,0,1.0,BEKAH SMITH,KATIE PIERSON,ABBIE POST,JENSEN BELL,SMITH/PIERSON,CAN I SPIKE 4 U?,False,SMITH/PIERSON,0.07362031778064057,SE-GAINESVILLE21
25,346,1450,WOMEN'S,0.0,0,0.5,RACHEL BURKHARDT,MK HENRY,RYANNE CEPEDA,CHELSEA CEPEDA,SUGAR & SPIKE,SISTER SPIKE SQUAD,False,SUGAR & SPIKE,0.5,SE-GAINESVILLE21
26,347,1450,WOMEN'S,0.0,0,0.5,LIZ GORMLEY,DANIELA ROMERO,ASHLEY CASTANO,MORGAN MITCHELL,HYPE & SPICY,MITCHELL/CASTANO,False,HYPE & SPICY,0.5,SE-GAINESVILLE21
27,348,1476,WOMEN'S,10.0,0,1.0,LOU WASHBURN,TEDDI LESOINE,HAILEY EDWARDS,NICOLE DOLAK,RUH ROH,WERE BETTER THAN OUR BOYFRIENDS,False,RUH ROH,0.42505666359431005,SE-GAINESVILLE21
28,349,1442,WOMEN'S,9.0,0,0.0,SAIGE DUKE,MELISSA MACLEAN,LEAH PALMER,MONTANA ERWIN,SPIKEBENDERS,THE SPIKES GIRLS,False,SPIKEBENDERS,0.5208083225908254,SE-GAINESVILLE21
29,350,1450,WOMEN'S,0.0,0,0.5,BRIANNA KIRBY,EMMA LEATHERS,JESSIKA WOJCIECHOWSKI,JULIE BUTLER,OFF THE BALL,EASY MONEY,True,EASY MONEY,0.5,SE-GAINESVILLE21
30,351,1450,WOMEN'S,0.0,0,0.5,LIZ GORMLEY,DANIELA ROMERO,BRIANNA KIRBY,EMMA LEATHERS,HYPE & SPICY,OFF THE BALL,False,HYPE & SPICY,0.5,SE-GAINESVILLE21
31,352,1450,WOMEN'S,0.0,0,0.5,RACHEL BURKHARDT,MK HENRY,RYANNE CEPEDA,CHELSEA CEPEDA,SUGAR & SPIKE,SISTER SPIKE SQUAD,False,SUGAR & SPIKE,0.5,SE-GAINESVILLE21
32,353,1442,WOMEN'S,9.0,0,0.0,SAIGE DUKE,MELISSA MACLEAN,ASHLEY CASTANO,MORGAN MITCHELL,SPIKEBENDERS,MITCHELL/CASTANO,False,SPIKEBENDERS,0.5208083225908254,SE-GAINESVILLE21
33,354,1450,WOMEN'S,0.0,0,0.5,JESSIKA WOJCIECHOWSKI,JULIE BUTLER,LEAH PALMER,MONTANA ERWIN,EASY MONEY,THE SPIKES GIRLS,False,EASY MONEY,0.5,SE-GAINESVILLE21
34,355,1669,WOMEN'S,45.0,0,1.0,BEKAH SMITH,KATIE PIERSON,LIZ GORMLEY,DANIELA ROMERO,SMITH/PIERSON,HYPE & SPICY,False,SMITH/PIERSON,0.07362031778064057,SE-GAINESVILLE21
35,356,1450,WOMEN'S,6.0,0,1.0,HAILEY EDWARDS,NICOLE DOLAK,RACHEL BURKHARDT,MK HENRY,WERE BETTER THAN OUR BOYFRIENDS,SUGAR & SPIKE,False,WERE BETTER THAN OUR BOYFRIENDS,0.4993608129242481,SE-GAINESVILLE21
36,357,1469,WOMEN'S,10.0,7,1.0,LOU WASHBURN,TEDDI LESOINE,SAIGE DUKE,MELISSA MACLEAN,RUH ROH,SPIKEBENDERS,False,RUH ROH,0.4042260305187896,SE-GAINESVILLE21
37,358,1450,WOMEN'S,0.0,0,0.5,ABBIE POST,JENSEN BELL,JESSIKA WOJCIECHOWSKI,JULIE BUTLER,CAN I SPIKE 4 U?,EASY MONEY,False,CAN I SPIKE 4 U?,0.5,SE-GAINESVILLE21
38,359,1476,WOMEN'S,10.0,0,1.0,LOU WASHBURN,TEDDI LESOINE,ABBIE POST,JENSEN BELL,RUH ROH,CAN I SPIKE 4 U?,False,RUH ROH,0.4244319562057518,SE-GAINESVILLE21
39,360,1450,WOMEN'S,0.0,0,0.5,RACHEL BURKHARDT,MK HENRY,LIZ GORMLEY,DANIELA ROMERO,SUGAR & SPIKE,HYPE & SPICY,True,HYPE & SPICY,0.5,SE-GAINESVILLE21
40,361,1442,WOMEN'S,9.0,0,0.0,JESSIKA WOJCIECHOWSKI,JULIE BUTLER,SAIGE DUKE,MELISSA MACLEAN,EASY MONEY,SPIKEBENDERS,True,SPIKEBENDERS,0.47919167740917457,SE-GAINESVILLE21
41,362,1442,WOMEN'S,9.0,0,0.0,JESSIKA WOJCIECHOWSKI,JULIE BUTLER,SAIGE DUKE,MELISSA MACLEAN,EASY MONEY,SPIKEBENDERS,True,SPIKEBENDERS,0.47919167740917457,SE-GAINESVILLE21
42,363,1450,WOMEN'S,0.0,0,0.5,BRIANNA KIRBY,EMMA LEATHERS,RYANNE CEPEDA,CHELSEA CEPEDA,OFF THE BALL,SISTER SPIKE SQUAD,False,OFF THE BALL,0.5,SE-GAINESVILLE21
0,364,1819,WOMEN'S,51.0,0,1.0,TEDDI LESOINE,KATIE PIERSON,KATIE WATSON,KIRSTIN WALKER,BAD TAN LINES,KW2,False,BAD TAN LINES,0.013936524147093966,2021RICHMOND
1,365,1576,WOMEN'S,7.0,6,1.0,BECCA GRAHAM,ALLI KAUFFMAN ROGERS,TAMARA WILLIS,GRACE CONHEADY,GRAHAM/ROGERS,WILLIS/CONHEADY,False,GRAHAM/ROGERS,0.1031308844543868,2021RICHMOND
2,366,1517,WOMEN'S,34.0,0,1.0,TORI FARLOW,SARAH ALLEN,DELANIE JOHNSON,JENICA BARRETT,RALLY CATS,DJ SPIKE,False,RALLY CATS,0.17305286473660147,2021RICHMOND
3,367,1450,WOMEN'S,0.0,0,0.5,RAQUEL DAMING,AUDREY SUMMERS,OPAL ORDUÑA,ISABELLA GAY,AQUATIC CHALUPAS,TEAM ESTROGEN,True,TEAM ESTROGEN,0.5,2021RICHMOND
4,368,1382,WOMEN'S,6.0,0,1.0,KELLY FIELD,MORGAN MITCHELL,ALAINA STOLL,HAILEY STOLL,FIELD/MITCHELL,STOLL,True,STOLL,0.685263172029129,2021RICHMOND
5,369,1789,WOMEN'S,51.0,6,1.0,TEDDI LESOINE,KATIE PIERSON,TAMARA WILLIS,GRACE CONHEADY,BAD TAN LINES,WILLIS/CONHEADY,False,BAD TAN LINES,0.009838059335345489,2021RICHMOND
6,370,1709,WOMEN'S,34.0,7,1.0,BECCA GRAHAM,ALLI KAUFFMAN ROGERS,TORI FARLOW,SARAH ALLEN,GRAHAM/ROGERS,RALLY CATS,False,GRAHAM/ROGERS,0.3455980886635374,2021RICHMOND
7,371,1415,WOMEN'S,6.0,0,0.0,DELANIE JOHNSON,JENICA BARRETT,KATIE WATSON,KIRSTIN WALKER,DJ SPIKE,KW2,False,DJ SPIKE,0.5967833522788464,2021RICHMOND
8,372,1450,WOMEN'S,0.0,0,0.5,RAQUEL DAMING,AUDREY SUMMERS,ALAINA STOLL,HAILEY STOLL,AQUATIC CHALUPAS,STOLL,False,AQUATIC CHALUPAS,0.5,2021RICHMOND
9,373,1450,WOMEN'S,0.0,0,0.5,VALERIE GINGERICH,MIKAYLA FISHER,OPAL ORDUÑA,ISABELLA GAY,RICH FISH,TEAM ESTROGEN,False,RICH FISH,0.5,2021RICHMOND
10,374,1785,WOMEN'S,51.0,0,1.0,TEDDI LESOINE,KATIE PIERSON,DELANIE JOHNSON,JENICA BARRETT,BAD TAN LINES,DJ SPIKE,False,BAD TAN LINES,0.009458969468608481,2021RICHMOND
11,375,1607,WOMEN'S,7.0,0,1.0,BECCA GRAHAM,ALLI KAUFFMAN ROGERS,KATIE WATSON,KIRSTIN WALKER,GRAHAM/ROGERS,KW2,False,GRAHAM/ROGERS,0.14057665644589223,2021RICHMOND
12,376,1521,WOMEN'S,34.0,6,1.0,TORI FARLOW,SARAH ALLEN,TAMARA WILLIS,GRACE CONHEADY,RALLY CATS,WILLIS/CONHEADY,False,RALLY CATS,0.17880484377849823,2021RICHMOND
13,377,1450,WOMEN'S,0.0,0,0.5,RAQUEL DAMING,AUDREY SUMMERS,VALERIE GINGERICH,MIKAYLA FISHER,AQUATIC CHALUPAS,RICH FISH,False,AQUATIC CHALUPAS,0.5,2021RICHMOND
14,378,1382,WOMEN'S,6.0,0,1.0,KELLY FIELD,MORGAN MITCHELL,OPAL ORDUÑA,ISABELLA GAY,FIELD/MITCHELL,TEAM ESTROGEN,True,TEAM ESTROGEN,0.685263172029129,2021RICHMOND
15,379,1921,WOMEN'S,51.0,7,1.0,TEDDI LESOINE,KATIE PIERSON,TORI FARLOW,SARAH ALLEN,BAD TAN LINES,RALLY CATS,False,BAD TAN LINES,0.04364066975661207,2021RICHMOND
16,380,1573,WOMEN'S,7.0,0,1.0,BECCA GRAHAM,ALLI KAUFFMAN ROGERS,DELANIE JOHNSON,JENICA BARRETT,GRAHAM/ROGERS,DJ SPIKE,False,GRAHAM/ROGERS,0.09951825078057332,2021RICHMOND
17,381,1419,WOMEN'S,7.0,0,0.0,TAMARA WILLIS,GRACE CONHEADY,KATIE WATSON,KIRSTIN WALKER,WILLIS/CONHEADY,KW2,False,WILLIS/CONHEADY,0.587200017987164,2021RICHMOND
18,382,1382,WOMEN'S,6.0,0,1.0,KELLY FIELD,MORGAN MITCHELL,VALERIE GINGERICH,MIKAYLA FISHER,FIELD/MITCHELL,RICH FISH,True,RICH FISH,0.685263172029129,2021RICHMOND
19,383,1450,WOMEN'S,0.0,0,0.5,ALAINA STOLL,HAILEY STOLL,OPAL ORDUÑA,ISABELLA GAY,STOLL,TEAM ESTROGEN,True,TEAM ESTROGEN,0.5,2021RICHMOND
20,384,1977,WOMEN'S,51.0,7,0.0,TEDDI LESOINE,KATIE PIERSON,BECCA GRAHAM,ALLI KAUFFMAN ROGERS,BAD TAN LINES,GRAHAM/ROGERS,True,GRAHAM/ROGERS,0.07953374063991084,2021RICHMOND
21,385,1551,WOMEN'S,34.0,0,1.0,TORI FARLOW,SARAH ALLEN,KATIE WATSON,KIRSTIN WALKER,RALLY CATS,KW2,False,RALLY CATS,0.23648220013137472,2021RICHMOND
22,386,1385,WOMEN'S,7.0,0,0.0,DELANIE JOHNSON,JENICA BARRETT,TAMARA WILLIS,GRACE CONHEADY,DJ SPIKE,WILLIS/CONHEADY,False,DJ SPIKE,0.5099181516543183,2021RICHMOND
23,387,1382,WOMEN'S,6.0,0,1.0,RAQUEL DAMING,AUDREY SUMMERS,KELLY FIELD,MORGAN MITCHELL,AQUATIC CHALUPAS,FIELD/MITCHELL,False,AQUATIC CHALUPAS,0.31473682797087105,2021RICHMOND
24,388,1450,WOMEN'S,0.0,0,0.5,VALERIE GINGERICH,MIKAYLA FISHER,ALAINA STOLL,HAILEY STOLL,RICH FISH,STOLL,False,RICH FISH,0.5,2021RICHMOND
25,389,1450,WOMEN'S,0.0,0,0.5,RAQUEL DAMING,AUDREY SUMMERS,OPAL ORDUÑA,ISABELLA GAY,AQUATIC CHALUPAS,TEAM ESTROGEN,False,AQUATIC CHALUPAS,0.5,2021RICHMOND
26,390,1450,WOMEN'S,0.0,0,0.5,VALERIE GINGERICH,MIKAYLA FISHER,ALAINA STOLL,HAILEY STOLL,RICH FISH,STOLL,False,RICH FISH,0.5,2021RICHMOND
27,391,1382,WOMEN'S,6.0,0,1.0,KATIE WATSON,KIRSTIN WALKER,KELLY FIELD,MORGAN MITCHELL,KW2,FIELD/MITCHELL,False,KW2,0.31473682797087105,2021RICHMOND
28,392,1607,WOMEN'S,7.0,0,1.0,BECCA GRAHAM,ALLI KAUFFMAN ROGERS,RAQUEL DAMING,AUDREY SUMMERS,GRAHAM/ROGERS,AQUATIC CHALUPAS,False,GRAHAM/ROGERS,0.14057665644589223,2021RICHMOND
29,393,1385,WOMEN'S,7.0,0,0.0,DELANIE JOHNSON,JENICA BARRETT,TAMARA WILLIS,GRACE CONHEADY,DJ SPIKE,WILLIS/CONHEADY,False,DJ SPIKE,0.5099181516543183,2021RICHMOND
30,394,1819,WOMEN'S,51.0,0,1.0,TEDDI LESOINE,KATIE PIERSON,VALERIE GINGERICH,MIKAYLA FISHER,BAD TAN LINES,RICH FISH,False,BAD TAN LINES,0.013936524147093966,2021RICHMOND
31,395,1551,WOMEN'S,34.0,0,1.0,TORI FARLOW,SARAH ALLEN,KATIE WATSON,KIRSTIN WALKER,RALLY CATS,KW2,False,RALLY CATS,0.23648220013137472,2021RICHMOND
32,396,1573,WOMEN'S,7.0,0,1.0,BECCA GRAHAM,ALLI KAUFFMAN ROGERS,DELANIE JOHNSON,JENICA BARRETT,GRAHAM/ROGERS,DJ SPIKE,False,GRAHAM/ROGERS,0.09951825078057332,2021RICHMOND
33,397,1921,WOMEN'S,51.0,7,0.0,TEDDI LESOINE,KATIE PIERSON,TORI FARLOW,SARAH ALLEN,BAD TAN LINES,RALLY CATS,True,RALLY CATS,0.04364066975661207,2021RICHMOND
34,398,1709,WOMEN'S,34.0,7,1.0,BECCA GRAHAM,ALLI KAUFFMAN ROGERS,TORI FARLOW,SARAH ALLEN,GRAHAM/ROGERS,RALLY CATS,False,GRAHAM/ROGERS,0.3455980886635374,2021RICHMOND
35,399,1785,WOMEN'S,51.0,0,1.0,TEDDI LESOINE,KATIE PIERSON,DELANIE JOHNSON,JENICA BARRETT,BAD TAN LINES,DJ SPIKE,False,BAD TAN LINES,0.009458969468608481,2021RICHMOND
36,400,1419,WOMEN'S,7.0,0,1.0,TAMARA WILLIS,GRACE CONHEADY,RAQUEL DAMING,AUDREY SUMMERS,WILLIS/CONHEADY,AQUATIC CHALUPAS,True,AQUATIC CHALUPAS,0.587200017987164,2021RICHMOND
37,401,1450,WOMEN'S,0.0,0,0.5,KATIE WATSON,KIRSTIN WALKER,VALERIE GINGERICH,MIKAYLA FISHER,KW2,RICH FISH,False,KW2,0.5,2021RICHMOND
0,402,1742,WOMEN'S ADVANCED,59.0,0,1.0,KATIE PIERSON,OLIVIA JENKI,ANNELISE ROHRER,KENYA MEDINA,TOTES MAGOATS,AMBULATING AMIGAS,False,TOTES MAGOATS,0.02167814037518882,2021CALIFORNIA
1,403,1631,WOMEN'S ADVANCED,42.0,15,1.0,MEY HELM,PERRIN YORK,TORI FARLOW,SARAH ALLEN,SPICE RACK,RALLY CATS,True,RALLY CATS,0.9170541778680336,2021CALIFORNIA
2,404,1780,WOMEN'S ADVANCED,41.0,0,1.0,KAYLA WU,KALIN MIRAMONTES,ALEXI NESS,SHANNON LAU,THUS PARABATAI,HAPPY CAMPERS,False,THUS PARABATAI,0.010219802022685137,2021CALIFORNIA
3,405,1878,WOMEN'S ADVANCED,40.0,9,1.0,LIZA MURRAY,KIERSTIE FELLER,KARAH HUI,ALLIE FOSTER,KILLER,ZOOMIES,True,ZOOMIES,0.9157175919863801,2021CALIFORNIA
4,406,1813,WOMEN'S ADVANCED,21.0,11,1.0,JOELLE NGUYEN,ALI JENKI,CHRISTINA DINH,KELSEY DEJESUS,JENKI/NGUYEN,RUNNING WITH SCISSORS,False,JENKI/NGUYEN,0.019293518496581515,2021CALIFORNIA
5,407,2063,WOMEN'S ADVANCED,15.0,14,1.0,ASHLEY SHOWALTER,KRISTA SHROCK,ALLI KAUFFMAN ROGERS,BECCA GRAHAM,SHOWALTER/SHROCK,GRAHAM/ROGERS,True,GRAHAM/ROGERS,0.7854408840893294,2021CALIFORNIA
6,408,1956,WOMEN'S ADVANCED,59.0,15,1.0,KATIE PIERSON,OLIVIA JENKI,TORI FARLOW,SARAH ALLEN,TOTES MAGOATS,RALLY CATS,False,TOTES MAGOATS,0.20756228492262097,2021CALIFORNIA
7,409,1417,WOMEN'S ADVANCED,33.0,0,0.0,MEY HELM,PERRIN YORK,ANNELISE ROHRER,KENYA MEDINA,SPICE RACK,AMBULATING AMIGAS,True,AMBULATING AMIGAS,0.48328798523428806,2021CALIFORNIA
8,410,2131,WOMEN'S ADVANCED,41.0,32,0.0,KAYLA WU,KALIN MIRAMONTES,KARAH HUI,ALLIE FOSTER,THUS PARABATAI,ZOOMIES,True,ZOOMIES,0.3705655337203401,2021CALIFORNIA
9,411,1526,WOMEN'S ADVANCED,16.0,0,1.0,LIZA MURRAY,KIERSTIE FELLER,ALEXI NESS,SHANNON LAU,KILLER,HAPPY CAMPERS,False,KILLER,0.1600535898772338,2021CALIFORNIA
10,412,2165,WOMEN'S ADVANCED,21.0,15,1.0,JOELLE NGUYEN,ALI JENKI,ALLI KAUFFMAN ROGERS,BECCA GRAHAM,JENKI/NGUYEN,GRAHAM/ROGERS,True,GRAHAM/ROGERS,0.5307229653823873,2021CALIFORNIA
11,413,1711,WOMEN'S ADVANCED,14.0,11,1.0,ASHLEY SHOWALTER,KRISTA SHROCK,CHRISTINA DINH,KELSEY DEJESUS,SHOWALTER/SHROCK,RUNNING WITH SCISSORS,False,SHOWALTER/SHROCK,0.05986727797040107,2021CALIFORNIA
12,414,1747,WOMEN'S ADVANCED,59.0,20,1.0,KATIE PIERSON,OLIVIA JENKI,MEY HELM,PERRIN YORK,TOTES MAGOATS,SPICE RACK,False,TOTES MAGOATS,0.023142696299700213,2021CALIFORNIA
13,415,1625,WOMEN'S ADVANCED,42.0,0,1.0,TORI FARLOW,SARAH ALLEN,ANNELISE ROHRER,KENYA MEDINA,RALLY CATS,AMBULATING AMIGAS,False,RALLY CATS,0.07799888709009331,2021CALIFORNIA
14,416,1924,WOMEN'S ADVANCED,41.0,9,1.0,KAYLA WU,KALIN MIRAMONTES,LIZA MURRAY,KIERSTIE FELLER,THUS PARABATAI,KILLER,False,THUS PARABATAI,0.051401109462577345,2021CALIFORNIA
15,417,1734,WOMEN'S ADVANCED,40.0,0,1.0,KARAH HUI,ALLIE FOSTER,ALEXI NESS,SHANNON LAU,ZOOMIES,HAPPY CAMPERS,False,ZOOMIES,0.017236076943789775,2021CALIFORNIA
16,418,2052,WOMEN'S ADVANCED,21.0,14,0.0,JOELLE NGUYEN,ALI JENKI,ASHLEY SHOWALTER,KRISTA SHROCK,JENKI/NGUYEN,SHOWALTER/SHROCK,True,SHOWALTER/SHROCK,0.23602217157246635,2021CALIFORNIA
17,419,1824,WOMEN'S ADVANCED,15.0,11,1.0,ALLI KAUFFMAN ROGERS,BECCA GRAHAM,CHRISTINA DINH,KELSEY DEJESUS,GRAHAM/ROGERS,RUNNING WITH SCISSORS,False,GRAHAM/ROGERS,0.017097950342589846,2021CALIFORNIA
18,420,1541,WOMEN'S ADVANCED,16.0,0,0.0,ANNELISE ROHRER,KENYA MEDINA,LIZA MURRAY,KIERSTIE FELLER,AMBULATING AMIGAS,KILLER,False,AMBULATING AMIGAS,0.8166736936104243,2021CALIFORNIA
19,421,1824,WOMEN'S ADVANCED,41.0,11,1.0,KAYLA WU,KALIN MIRAMONTES,CHRISTINA DINH,KELSEY DEJESUS,THUS PARABATAI,RUNNING WITH SCISSORS,False,THUS PARABATAI,0.01697148231412791,2021CALIFORNIA
20,422,1788,WOMEN'S ADVANCED,33.0,15,1.0,JOELLE NGUYEN,ALI JENKI,MEY HELM,PERRIN YORK,JENKI/NGUYEN,SPICE RACK,False,JENKI/NGUYEN,0.014602885555724596,2021CALIFORNIA
21,423,1611,WOMEN'S ADVANCED,42.0,0,1.0,TORI FARLOW,SARAH ALLEN,ALEXI NESS,SHANNON LAU,RALLY CATS,HAPPY CAMPERS,False,RALLY CATS,0.06700020454411146,2021CALIFORNIA
22,424,1742,WOMEN'S ADVANCED,59.0,0,1.0,KATIE PIERSON,OLIVIA JENKI,ANNELISE ROHRER,KENYA MEDINA,TOTES MAGOATS,AMBULATING AMIGAS,False,TOTES MAGOATS,0.02167814037518882,2021CALIFORNIA
23,425,2063,WOMEN'S ADVANCED,41.0,14,1.0,ASHLEY SHOWALTER,KRISTA SHROCK,KAYLA WU,KALIN MIRAMONTES,SHOWALTER/SHROCK,THUS PARABATAI,True,THUS PARABATAI,0.7867109690002593,2021CALIFORNIA
24,426,2119,WOMEN'S ADVANCED,40.0,15,0.0,KARAH HUI,ALLIE FOSTER,JOELLE NGUYEN,ALI JENKI,ZOOMIES,JENKI/NGUYEN,False,ZOOMIES,0.5984934491940431,2021CALIFORNIA
25,427,2008,WOMEN'S ADVANCED,42.0,15,1.0,ALLI KAUFFMAN ROGERS,BECCA GRAHAM,TORI FARLOW,SARAH ALLEN,GRAHAM/ROGERS,RALLY CATS,False,GRAHAM/ROGERS,0.12654114138463243,2021CALIFORNIA
26,428,2125,WOMEN'S ADVANCED,59.0,20,0.0,KATIE PIERSON,OLIVIA JENKI,KAYLA WU,KALIN MIRAMONTES,TOTES MAGOATS,THUS PARABATAI,False,TOTES MAGOATS,0.6456022946100736,2021CALIFORNIA
27,429,2130,WOMEN'S ADVANCED,40.0,15,1.0,KARAH HUI,ALLIE FOSTER,ALLI KAUFFMAN ROGERS,BECCA GRAHAM,ZOOMIES,GRAHAM/ROGERS,True,GRAHAM/ROGERS,0.6276710783138187,2021CALIFORNIA
28,430,2124,WOMEN'S ADVANCED,59.0,15,0.0,KATIE PIERSON,OLIVIA JENKI,ALLI KAUFFMAN ROGERS,BECCA GRAHAM,TOTES MAGOATS,GRAHAM/ROGERS,False,TOTES MAGOATS,0.6438723134093499,2021CALIFORNIA
29,431,2131,WOMEN'S ADVANCED,41.0,32,0.0,KARAH HUI,ALLIE FOSTER,KAYLA WU,KALIN MIRAMONTES,ZOOMIES,THUS PARABATAI,False,ZOOMIES,0.6294344662796599,2021CALIFORNIA
30,432,1571,WOMEN'S ADVANCED,16.0,9,1.0,LIZA MURRAY,KIERSTIE FELLER,CHRISTINA DINH,KELSEY DEJESUS,KILLER,RUNNING WITH SCISSORS,False,KILLER,0.24162749749645296,2021CALIFORNIA
31,433,1402,WOMEN'S ADVANCED,33.0,0,1.0,MEY HELM,PERRIN YORK,ALEXI NESS,SHANNON LAU,SPICE RACK,HAPPY CAMPERS,False,SPICE RACK,0.44257194510699516,2021CALIFORNIA
32,434,1546,WOMEN'S ADVANCED,33.0,9,0.0,LIZA MURRAY,KIERSTIE FELLER,MEY HELM,PERRIN YORK,KILLER,SPICE RACK,True,SPICE RACK,0.19355109766919162,2021CALIFORNIA
33,435,1450,WOMEN'S INTERMEDIATE,0.0,0,0.5,LOREN SAMUELSON,NATALIE ODONNELL,CAITLIN HOPKINS,CARA NOCERO,PLAN B,C2.,False,PLAN B,0.5,2021CALIFORNIA
34,436,1325,WOMEN'S INTERMEDIATE,9.0,0,1.0,ESTHER PARK,LARESSA LINDEEN,JESS SEXTON,ALAINA MEEKS,BANANAS,SLAM JAM,True,SLAM JAM,0.8079653503789427,2021CALIFORNIA
35,437,1450,WOMEN'S INTERMEDIATE,0.0,0,0.5,TRACY JOHNSON,KARISSA BAUCOM,ELISA MARQUES,VANESSA SILVAS,GETTING REC'D,AQUAGIRLS,False,GETTING REC'D,0.5,2021CALIFORNIA
36,438,1450,WOMEN'S INTERMEDIATE,0.0,0,0.5,LAURA MCGRAIL,ALYSSA YEE,EMILY DUISTERMARS,CALLIE MORRIS,NEW KIDS ON THE BLOCK,BESTIES,False,NEW KIDS ON THE BLOCK,0.5,2021CALIFORNIA
37,439,1450,WOMEN'S INTERMEDIATE,0.0,0,0.5,ELLIE CLARK,RACHEL WATSON,LINDSEY PREOVOLOS,MARIANA MEIRELLES,E.R,LAUGH N SASS,False,E.R,0.5,2021CALIFORNIA
38,440,1391,WOMEN'S INTERMEDIATE,11.0,0,0.0,SHEBA SAYAREH,SHOLEH SAYAREH,STACEY GRIMES,JENNA DIMAGGIO,SISTER SISTER,THE XS,True,THE XS,0.3376208290431286,2021CALIFORNIA
39,441,1450,WOMEN'S INTERMEDIATE,0.0,0,0.5,LOREN SAMUELSON,NATALIE ODONNELL,JESS SEXTON,ALAINA MEEKS,PLAN B,SLAM JAM,True,SLAM JAM,0.5,2021CALIFORNIA
40,442,1325,WOMEN'S INTERMEDIATE,9.0,0,1.0,ESTHER PARK,LARESSA LINDEEN,TRACY JOHNSON,KARISSA BAUCOM,BANANAS,GETTING REC'D,True,GETTING REC'D,0.8079653503789427,2021CALIFORNIA
41,443,1450,WOMEN'S INTERMEDIATE,0.0,0,0.5,ELISA MARQUES,VANESSA SILVAS,CAITLIN HOPKINS,CARA NOCERO,AQUAGIRLS,C2.,True,C2.,0.5,2021CALIFORNIA
42,444,1450,WOMEN'S INTERMEDIATE,0.0,0,0.5,LAURA MCGRAIL,ALYSSA YEE,LINDSEY PREOVOLOS,MARIANA MEIRELLES,NEW KIDS ON THE BLOCK,LAUGH N SASS,False,NEW KIDS ON THE BLOCK,0.5,2021CALIFORNIA
43,445,1450,WOMEN'S INTERMEDIATE,0.0,0,0.5,ELLIE CLARK,RACHEL WATSON,SHEBA SAYAREH,SHOLEH SAYAREH,E.R,SISTER SISTER,False,E.R,0.5,2021CALIFORNIA
44,446,1391,WOMEN'S INTERMEDIATE,11.0,0,1.0,STACEY GRIMES,JENNA DIMAGGIO,EMILY DUISTERMARS,CALLIE MORRIS,THE XS,BESTIES,True,BESTIES,0.6623791709568714,2021CALIFORNIA
45,447,1450,WOMEN'S INTERMEDIATE,0.0,0,0.5,LOREN SAMUELSON,NATALIE ODONNELL,ELISA MARQUES,VANESSA SILVAS,PLAN B,AQUAGIRLS,False,PLAN B,0.5,2021CALIFORNIA
46,448,1325,WOMEN'S INTERMEDIATE,9.0,0,0.0,ESTHER PARK,LARESSA LINDEEN,CAITLIN HOPKINS,CARA NOCERO,BANANAS,C2.,False,BANANAS,0.8079653503789427,2021CALIFORNIA
47,449,1450,WOMEN'S INTERMEDIATE,0.0,0,0.5,TRACY JOHNSON,KARISSA BAUCOM,JESS SEXTON,ALAINA MEEKS,GETTING REC'D,SLAM JAM,False,GETTING REC'D,0.5,2021CALIFORNIA
48,450,1391,WOMEN'S INTERMEDIATE,11.0,0,1.0,LAURA MCGRAIL,ALYSSA YEE,STACEY GRIMES,JENNA DIMAGGIO,NEW KIDS ON THE BLOCK,THE XS,False,NEW KIDS ON THE BLOCK,0.3376208290431286,2021CALIFORNIA
49,451,1450,WOMEN'S INTERMEDIATE,0.0,0,0.5,ELLIE CLARK,RACHEL WATSON,EMILY DUISTERMARS,CALLIE MORRIS,E.R,BESTIES,False,E.R,0.5,2021CALIFORNIA
50,452,1450,WOMEN'S INTERMEDIATE,0.0,0,0.5,SHEBA SAYAREH,SHOLEH SAYAREH,LINDSEY PREOVOLOS,MARIANA MEIRELLES,SISTER SISTER,LAUGH N SASS,True,LAUGH N SASS,0.5,2021CALIFORNIA
51,453,1450,WOMEN'S INTERMEDIATE,0.0,0,0.5,LOREN SAMUELSON,NATALIE ODONNELL,TRACY JOHNSON,KARISSA BAUCOM,PLAN B,GETTING REC'D,True,GETTING REC'D,0.5,2021CALIFORNIA
52,454,1325,WOMEN'S INTERMEDIATE,9.0,0,0.0,ESTHER PARK,LARESSA LINDEEN,ELISA MARQUES,VANESSA SILVAS,BANANAS,AQUAGIRLS,False,BANANAS,0.8079653503789427,2021CALIFORNIA
53,455,1450,WOMEN'S INTERMEDIATE,0.0,0,0.5,JESS SEXTON,ALAINA MEEKS,CAITLIN HOPKINS,CARA NOCERO,SLAM JAM,C2.,False,SLAM JAM,0.5,2021CALIFORNIA
54,456,1450,WOMEN'S INTERMEDIATE,0.0,0,0.5,LAURA MCGRAIL,ALYSSA YEE,SHEBA SAYAREH,SHOLEH SAYAREH,NEW KIDS ON THE BLOCK,SISTER SISTER,False,NEW KIDS ON THE BLOCK,0.5,2021CALIFORNIA
55,457,1391,WOMEN'S INTERMEDIATE,11.0,0,0.0,ELLIE CLARK,RACHEL WATSON,STACEY GRIMES,JENNA DIMAGGIO,E.R,THE XS,True,THE XS,0.3376208290431286,2021CALIFORNIA
56,458,1450,WOMEN'S INTERMEDIATE,0.0,0,0.5,LINDSEY PREOVOLOS,MARIANA MEIRELLES,EMILY DUISTERMARS,CALLIE MORRIS,LAUGH N SASS,BESTIES,False,LAUGH N SASS,0.5,2021CALIFORNIA
57,459,1325,WOMEN'S INTERMEDIATE,9.0,0,1.0,LOREN SAMUELSON,NATALIE ODONNELL,ESTHER PARK,LARESSA LINDEEN,PLAN B,BANANAS,False,PLAN B,0.19203464962105737,2021CALIFORNIA
58,460,1450,WOMEN'S INTERMEDIATE,0.0,0,0.5,TRACY JOHNSON,KARISSA BAUCOM,CAITLIN HOPKINS,CARA NOCERO,GETTING REC'D,C2.,False,GETTING REC'D,0.5,2021CALIFORNIA
59,461,1450,WOMEN'S INTERMEDIATE,0.0,0,0.5,ELISA MARQUES,VANESSA SILVAS,JESS SEXTON,ALAINA MEEKS,AQUAGIRLS,SLAM JAM,True,SLAM JAM,0.5,2021CALIFORNIA
60,462,1450,WOMEN'S INTERMEDIATE,0.0,0,0.5,LAURA MCGRAIL,ALYSSA YEE,ELLIE CLARK,RACHEL WATSON,NEW KIDS ON THE BLOCK,E.R,False,NEW KIDS ON THE BLOCK,0.5,2021CALIFORNIA
61,463,1450,WOMEN'S INTERMEDIATE,0.0,0,0.5,SHEBA SAYAREH,SHOLEH SAYAREH,EMILY DUISTERMARS,CALLIE MORRIS,SISTER SISTER,BESTIES,True,BESTIES,0.5,2021CALIFORNIA
62,464,1391,WOMEN'S INTERMEDIATE,11.0,0,0.0,STACEY GRIMES,JENNA DIMAGGIO,EMILY DUISTERMARS,CALLIE MORRIS,THE XS,BESTIES,False,THE XS,0.6623791709568714,2021CALIFORNIA
63,465,1450,WOMEN'S INTERMEDIATE,0.0,0,0.5,LOREN SAMUELSON,NATALIE ODONNELL,SHEBA SAYAREH,SHOLEH SAYAREH,PLAN B,SISTER SISTER,False,PLAN B,0.5,2021CALIFORNIA
64,466,1325,WOMEN'S INTERMEDIATE,9.0,0,0.0,ESTHER PARK,LARESSA LINDEEN,CAITLIN HOPKINS,CARA NOCERO,BANANAS,C2.,False,BANANAS,0.8079653503789427,2021CALIFORNIA
65,467,1450,WOMEN'S INTERMEDIATE,0.0,0,0.5,ELLIE CLARK,RACHEL WATSON,ELISA MARQUES,VANESSA SILVAS,E.R,AQUAGIRLS,False,E.R,0.5,2021CALIFORNIA
66,468,1391,WOMEN'S INTERMEDIATE,11.0,0,0.0,TRACY JOHNSON,KARISSA BAUCOM,STACEY GRIMES,JENNA DIMAGGIO,GETTING REC'D,THE XS,True,THE XS,0.3376208290431286,2021CALIFORNIA
67,469,1450,WOMEN'S INTERMEDIATE,0.0,0,0.5,LINDSEY PREOVOLOS,MARIANA MEIRELLES,LOREN SAMUELSON,NATALIE ODONNELL,LAUGH N SASS,PLAN B,True,PLAN B,0.5,2021CALIFORNIA
68,470,1325,WOMEN'S INTERMEDIATE,9.0,0,1.0,LAURA MCGRAIL,ALYSSA YEE,ESTHER PARK,LARESSA LINDEEN,NEW KIDS ON THE BLOCK,BANANAS,False,NEW KIDS ON THE BLOCK,0.19203464962105737,2021CALIFORNIA
69,471,1450,WOMEN'S INTERMEDIATE,0.0,0,0.5,JESS SEXTON,ALAINA MEEKS,ELLIE CLARK,RACHEL WATSON,SLAM JAM,E.R,True,E.R,0.5,2021CALIFORNIA
70,472,1391,WOMEN'S INTERMEDIATE,11.0,0,0.0,STACEY GRIMES,JENNA DIMAGGIO,LOREN SAMUELSON,NATALIE ODONNELL,THE XS,PLAN B,False,THE XS,0.6623791709568714,2021CALIFORNIA
71,473,1450,WOMEN'S INTERMEDIATE,0.0,0,0.5,LAURA MCGRAIL,ALYSSA YEE,ELLIE CLARK,RACHEL WATSON,NEW KIDS ON THE BLOCK,E.R,False,NEW KIDS ON THE BLOCK,0.5,2021CALIFORNIA
72,474,1391,WOMEN'S INTERMEDIATE,11.0,0,1.0,STACEY GRIMES,JENNA DIMAGGIO,LAURA MCGRAIL,ALYSSA YEE,THE XS,NEW KIDS ON THE BLOCK,True,NEW KIDS ON THE BLOCK,0.6623791709568714,2021CALIFORNIA
0,475,1661,WOMEN'S,18.0,0,1.0,NICOL GAHLEY,AMANDALYNN CALDER,ELLIE CHRISTENSEN,LIBERTY TAYLOR,BEND DUCKY,CHICKS WITH KICKS,False,BEND DUCKY,0.31466899796150094,2021REXBURG
1,476,1558,WOMEN'S,36.0,0,1.0,JODIE HAMILTON,SAIGE DUKE,WHITNEY FRAIRE,HARMONY TAYLOR,IT HAS POCKETS!! <U+0001F970>,CHICKENCRACKYOBUTT2.0,True,CHICKENCRACKYOBUTT2.0,0.6839498168960131,2021REXBURG
2,477,1545,WOMEN'S,16.0,0,1.0,ALEXI NESS,MACIE HOPKINS,KAITLIN RO,CAMILLE ANDERSON,SWAGTASTIC,IDAHOMIES,True,IDAHOMIES,0.939153702548235,2021REXBURG
3,478,1677,WOMEN'S,36.0,0,0.0,NICOL GAHLEY,AMANDALYNN CALDER,WHITNEY FRAIRE,HARMONY TAYLOR,BEND DUCKY,CHICKENCRACKYOBUTT2.0,True,CHICKENCRACKYOBUTT2.0,0.3546861275577015,2021REXBURG
4,479,1399,WOMEN'S,18.0,0,0.0,JODIE HAMILTON,SAIGE DUKE,ALEXI NESS,MACIE HOPKINS,IT HAS POCKETS!! <U+0001F970>,SWAGTASTIC,True,SWAGTASTIC,0.2578183011696199,2021REXBURG
5,480,1688,WOMEN'S,15.0,0,1.0,KAITLIN RO,CAMILLE ANDERSON,ELLIE CHRISTENSEN,LIBERTY TAYLOR,IDAHOMIES,CHICKS WITH KICKS,False,IDAHOMIES,0.252149163795258,2021REXBURG
6,481,1756,WOMEN'S,18.0,15,0.0,NICOL GAHLEY,AMANDALYNN CALDER,KAITLIN RO,CAMILLE ANDERSON,BEND DUCKY,IDAHOMIES,False,BEND DUCKY,0.5765928304359833,2021REXBURG
7,482,1542,WOMEN'S,18.0,0,1.0,JODIE HAMILTON,SAIGE DUKE,ELLIE CHRISTENSEN,LIBERTY TAYLOR,IT HAS POCKETS!! <U+0001F970>,CHICKS WITH KICKS,True,CHICKS WITH KICKS,0.6438483196323417,2021REXBURG
8,483,1466,WOMEN'S,36.0,0,1.0,ALEXI NESS,MACIE HOPKINS,WHITNEY FRAIRE,HARMONY TAYLOR,SWAGTASTIC,CHICKENCRACKYOBUTT2.0,True,CHICKENCRACKYOBUTT2.0,0.8616810037256553,2021REXBURG
9,484,1518,WOMEN'S,18.0,0,1.0,NICOL GAHLEY,AMANDALYNN CALDER,ALEXI NESS,MACIE HOPKINS,BEND DUCKY,SWAGTASTIC,False,BEND DUCKY,0.08107527808490574,2021REXBURG
10,485,1637,WOMEN'S,18.0,9,1.0,JODIE HAMILTON,SAIGE DUKE,KAITLIN RO,CAMILLE ANDERSON,IT HAS POCKETS!! <U+0001F970>,IDAHOMIES,True,IDAHOMIES,0.8428103826034287,2021REXBURG
11,486,1609,WOMEN'S,36.0,0,1.0,WHITNEY FRAIRE,HARMONY TAYLOR,ELLIE CHRISTENSEN,LIBERTY TAYLOR,CHICKENCRACKYOBUTT2.0,CHICKS WITH KICKS,False,CHICKENCRACKYOBUTT2.0,0.4551515906491245,2021REXBURG
12,487,1610,WOMEN'S,18.0,9,1.0,NICOL GAHLEY,AMANDALYNN CALDER,JODIE HAMILTON,SAIGE DUKE,BEND DUCKY,IT HAS POCKETS!! <U+0001F970>,False,BEND DUCKY,0.2025411576785064,2021REXBURG
13,488,1451,WOMEN'S,16.0,0,0.0,ALEXI NESS,MACIE HOPKINS,ELLIE CHRISTENSEN,LIBERTY TAYLOR,SWAGTASTIC,CHICKS WITH KICKS,False,SWAGTASTIC,0.8388160905417015,2021REXBURG
14,489,1704,WOMEN'S,36.0,0,0.0,KAITLIN RO,CAMILLE ANDERSON,WHITNEY FRAIRE,HARMONY TAYLOR,IDAHOMIES,CHICKENCRACKYOBUTT2.0,True,CHICKENCRACKYOBUTT2.0,0.2875515048009888,2021REXBURG
15,490,1451,WOMEN'S,16.0,0,0.0,ALEXI NESS,MACIE HOPKINS,ELLIE CHRISTENSEN,LIBERTY TAYLOR,SWAGTASTIC,CHICKS WITH KICKS,False,SWAGTASTIC,0.8388160905417015,2021REXBURG
16,491,1637,WOMEN'S,18.0,9,1.0,KAITLIN RO,CAMILLE ANDERSON,JODIE HAMILTON,SAIGE DUKE,IDAHOMIES,IT HAS POCKETS!! <U+0001F970>,False,IDAHOMIES,0.15718961739657136,2021REXBURG
17,492,1466,WOMEN'S,36.0,0,1.0,WHITNEY FRAIRE,HARMONY TAYLOR,ALEXI NESS,MACIE HOPKINS,CHICKENCRACKYOBUTT2.0,SWAGTASTIC,False,CHICKENCRACKYOBUTT2.0,0.1383189962743447,2021REXBURG
18,493,1756,WOMEN'S,18.0,15,0.0,NICOL GAHLEY,AMANDALYNN CALDER,KAITLIN RO,CAMILLE ANDERSON,BEND DUCKY,IDAHOMIES,False,BEND DUCKY,0.5765928304359833,2021REXBURG
19,494,1677,WOMEN'S,36.0,0,0.0,WHITNEY FRAIRE,HARMONY TAYLOR,NICOL GAHLEY,AMANDALYNN CALDER,CHICKENCRACKYOBUTT2.0,BEND DUCKY,False,CHICKENCRACKYOBUTT2.0,0.6453138724422984,2021REXBURG
20,495,1688,WOMEN'S,15.0,0,1.0,KAITLIN RO,CAMILLE ANDERSON,ELLIE CHRISTENSEN,LIBERTY TAYLOR,IDAHOMIES,CHICKS WITH KICKS,False,IDAHOMIES,0.252149163795258,2021REXBURG
21,496,1399,WOMEN'S,18.0,0,0.0,ALEXI NESS,MACIE HOPKINS,JODIE HAMILTON,SAIGE DUKE,SWAGTASTIC,IT HAS POCKETS!! <U+0001F970>,False,SWAGTASTIC,0.7421816988303801,2021REXBURG
22,497,1545,WOMEN'S,16.0,0,1.0,KAITLIN RO,CAMILLE ANDERSON,ALEXI NESS,MACIE HOPKINS,IDAHOMIES,SWAGTASTIC,False,IDAHOMIES,0.06084629745176501,2021REXBURG
23,498,1542,WOMEN'S,18.0,0,0.0,ELLIE CHRISTENSEN,LIBERTY TAYLOR,JODIE HAMILTON,SAIGE DUKE,CHICKS WITH KICKS,IT HAS POCKETS!! <U+0001F970>,True,IT HAS POCKETS!! <U+0001F970>,0.35615168036765826,2021REXBURG
0,499,1780,WOMEN'S ADVANCED,26.0,0,1.0,ALI JENKI,OLIVIA JENKI,VICTORIA STEWART,ALICIA TRUJILLO,TWINZ,CRIMSON ZIA,False,TWINZ,0.0041997623049677794,2021NATIONALS
1,500,1708,WOMEN'S ADVANCED,47.0,20,1.0,SARAH ALLEN,TORI FARLOW,PERRIN YORK,MEY HELM,RALLY CATS,SPICE RACK,False,RALLY CATS,0.17657815662218737,2021NATIONALS
2,501,1790,WOMEN'S ADVANCED,21.0,6,1.0,BECCA GRAHAM,ALLI KAUFFMAN ROGERS,KIM HOSTETLER,MORGAN MITCHELL,GRAHAM/ROGERS,HOSTETLER/MITCHELL,False,GRAHAM/ROGERS,0.004029666304251805,2021NATIONALS
3,502,2112,WOMEN'S ADVANCED,46.0,25,1.0,ALLIE FOSTER,KARAH HUI,AMANDALYNN CALDER,WHITNEY FRAIRE,ZOOMIES,WHAM,False,ZOOMIES,0.15759043083150784,2021NATIONALS
4,503,1705,WOMEN'S ADVANCED,48.0,0,1.0,KAYLA WU,KALIN MIRAMONTES,LAURA DOHM,SAM GREATHOUSE,THUS PARABATAI,SPIKED PUNCH,False,THUS PARABATAI,0.0377879413575484,2021NATIONALS
5,504,1949,WOMEN'S ADVANCED,65.0,0,0.0,KATIE PIERSON,NANCY GOUGEON,ASHLEY SHOWALTER,KRISTA SHROCK,GOUGEON/PIERSON,SHOWALTER/SHROCK,False,GOUGEON/PIERSON,0.5411054558051263,2021NATIONALS
6,505,1914,WOMEN'S ADVANCED,39.0,26,1.0,ALI JENKI,OLIVIA JENKI,PERRIN YORK,MEY HELM,TWINZ,SPICE RACK,False,TWINZ,0.019499419695671427,2021NATIONALS
7,506,1592,WOMEN'S ADVANCED,22.0,0,1.0,TEDDI LESOINE,LOU WASHBURN,VICTORIA STEWART,ALICIA TRUJILLO,RUH ROH,CRIMSON ZIA,False,RUH ROH,0.03512431993696896,2021NATIONALS
8,507,2117,WOMEN'S ADVANCED,43.0,21,1.0,BECCA GRAHAM,ALLI KAUFFMAN ROGERS,AMANDALYNN CALDER,WHITNEY FRAIRE,GRAHAM/ROGERS,WHAM,False,GRAHAM/ROGERS,0.1492809636996818,2021NATIONALS
9,508,1784,WOMEN'S ADVANCED,46.0,6,1.0,ALLIE FOSTER,KARAH HUI,KIM HOSTETLER,MORGAN MITCHELL,ZOOMIES,HOSTETLER/MITCHELL,False,ZOOMIES,0.004294788029384052,2021NATIONALS
10,509,1975,WOMEN'S ADVANCED,48.0,18,1.0,KAYLA WU,KALIN MIRAMONTES,ASHLEY SHOWALTER,KRISTA SHROCK,THUS PARABATAI,SHOWALTER/SHROCK,False,THUS PARABATAI,0.46715577254065,2021NATIONALS
11,510,1679,WOMEN'S ADVANCED,65.0,0,1.0,KATIE PIERSON,NANCY GOUGEON,LAURA DOHM,SAM GREATHOUSE,GOUGEON/PIERSON,SPIKED PUNCH,False,GOUGEON/PIERSON,0.050169098381038536,2021NATIONALS
12,511,2067,WOMEN'S ADVANCED,26.0,17,1.0,ALI JENKI,OLIVIA JENKI,TEDDI LESOINE,LOU WASHBURN,TWINZ,RUH ROH,False,TWINZ,0.10382645816604445,2021NATIONALS
13,512,1573,WOMEN'S ADVANCED,47.0,0,1.0,SARAH ALLEN,TORI FARLOW,VICTORIA STEWART,ALICIA TRUJILLO,RALLY CATS,CRIMSON ZIA,False,RALLY CATS,0.04349894292131158,2021NATIONALS
14,513,2263,WOMEN'S ADVANCED,46.0,21,1.0,BECCA GRAHAM,ALLI KAUFFMAN ROGERS,ALLIE FOSTER,KARAH HUI,GRAHAM/ROGERS,ZOOMIES,False,GRAHAM/ROGERS,0.4840092398354485,2021NATIONALS
15,514,1639,WOMEN'S ADVANCED,43.0,6,1.0,AMANDALYNN CALDER,WHITNEY FRAIRE,KIM HOSTETLER,MORGAN MITCHELL,WHAM,HOSTETLER/MITCHELL,False,WHAM,0.022537437470578233,2021NATIONALS
16,515,1961,WOMEN'S ADVANCED,65.0,0,1.0,KAYLA WU,KALIN MIRAMONTES,KATIE PIERSON,NANCY GOUGEON,THUS PARABATAI,GOUGEON/PIERSON,False,THUS PARABATAI,0.4264475227492715,2021NATIONALS
17,516,1694,WOMEN'S ADVANCED,18.0,0,1.0,ASHLEY SHOWALTER,KRISTA SHROCK,LAURA DOHM,SAM GREATHOUSE,SHOWALTER/SHROCK,SPIKED PUNCH,False,SHOWALTER/SHROCK,0.04287363085496082,2021NATIONALS
18,517,1861,WOMEN'S ADVANCED,47.0,17,0.0,SARAH ALLEN,TORI FARLOW,TEDDI LESOINE,LOU WASHBURN,RALLY CATS,RUH ROH,False,RALLY CATS,0.5554115236430672,2021NATIONALS
19,518,1439,WOMEN'S ADVANCED,39.0,0,1.0,PERRIN YORK,MEY HELM,VICTORIA STEWART,ALICIA TRUJILLO,SPICE RACK,CRIMSON ZIA,False,SPICE RACK,0.17496494861555312,2021NATIONALS
20,519,2048,WOMEN'S ADVANCED,47.0,20,1.0,ALI JENKI,OLIVIA JENKI,SARAH ALLEN,TORI FARLOW,TWINZ,RALLY CATS,False,TWINZ,0.08486782311984727,2021NATIONALS
21,520,1727,WOMEN'S ADVANCED,39.0,17,1.0,TEDDI LESOINE,LOU WASHBURN,PERRIN YORK,MEY HELM,RUH ROH,SPICE RACK,False,RUH ROH,0.14650685565902463,2021NATIONALS
22,521,1923,WOMEN'S ADVANCED,43.0,17,1.0,AMANDALYNN CALDER,WHITNEY FRAIRE,TEDDI LESOINE,LOU WASHBURN,WHAM,RUH ROH,False,WHAM,0.3788545844027496,2021NATIONALS
23,522,1620,WOMEN'S ADVANCED,65.0,0,1.0,KATIE PIERSON,NANCY GOUGEON,VICTORIA STEWART,ALICIA TRUJILLO,GOUGEON/PIERSON,CRIMSON ZIA,False,GOUGEON/PIERSON,0.02588972804494561,2021NATIONALS
24,523,1841,WOMEN'S ADVANCED,46.0,0,1.0,ALLIE FOSTER,KARAH HUI,LAURA DOHM,SAM GREATHOUSE,ZOOMIES,SPIKED PUNCH,False,ZOOMIES,0.008186962985224823,2021NATIONALS
25,524,1769,WOMEN'S ADVANCED,39.0,18,1.0,ASHLEY SHOWALTER,KRISTA SHROCK,PERRIN YORK,MEY HELM,SHOWALTER/SHROCK,SPICE RACK,False,SHOWALTER/SHROCK,0.09607373983467103,2021NATIONALS
26,525,1576,WOMEN'S ADVANCED,47.0,6,1.0,SARAH ALLEN,TORI FARLOW,KIM HOSTETLER,MORGAN MITCHELL,RALLY CATS,HOSTETLER/MITCHELL,False,RALLY CATS,0.045096348512036706,2021NATIONALS
27,526,2110,WOMEN'S ADVANCED,43.0,25,1.0,ALI JENKI,OLIVIA JENKI,AMANDALYNN CALDER,WHITNEY FRAIRE,TWINZ,WHAM,False,TWINZ,0.1596277405975743,2021NATIONALS
28,527,2096,WOMEN'S ADVANCED,65.0,0,1.0,KATIE PIERSON,NANCY GOUGEON,ALLIE FOSTER,KARAH HUI,GOUGEON/PIERSON,ZOOMIES,True,ZOOMIES,0.8648425306022659,2021NATIONALS
29,528,2116,WOMEN'S ADVANCED,21.0,18,1.0,BECCA GRAHAM,ALLI KAUFFMAN ROGERS,ASHLEY SHOWALTER,KRISTA SHROCK,GRAHAM/ROGERS,SHOWALTER/SHROCK,False,GRAHAM/ROGERS,0.14738020904786317,2021NATIONALS
30,529,1914,WOMEN'S ADVANCED,48.0,20,1.0,KAYLA WU,KALIN MIRAMONTES,SARAH ALLEN,TORI FARLOW,THUS PARABATAI,RALLY CATS,False,THUS PARABATAI,0.3029069828044428,2021NATIONALS
31,530,2256,WOMEN'S ADVANCED,46.0,26,0.0,ALI JENKI,OLIVIA JENKI,ALLIE FOSTER,KARAH HUI,TWINZ,ZOOMIES,False,TWINZ,0.5038165224305532,2021NATIONALS
32,531,2127,WOMEN'S ADVANCED,48.0,21,0.0,BECCA GRAHAM,ALLI KAUFFMAN ROGERS,KAYLA WU,KALIN MIRAMONTES,GRAHAM/ROGERS,THUS PARABATAI,True,THUS PARABATAI,0.16469087286119877,2021NATIONALS
33,532,2120,WOMEN'S ADVANCED,48.0,26,1.0,ALI JENKI,OLIVIA JENKI,KAYLA WU,KALIN MIRAMONTES,TWINZ,THUS PARABATAI,False,TWINZ,0.1758848998528238,2021NATIONALS
34,533,2263,WOMEN'S ADVANCED,46.0,21,1.0,BECCA GRAHAM,ALLI KAUFFMAN ROGERS,ALLIE FOSTER,KARAH HUI,GRAHAM/ROGERS,ZOOMIES,False,GRAHAM/ROGERS,0.4840092398354485,2021NATIONALS
35,534,1950,WOMEN'S ADVANCED,65.0,0,0.0,KATIE PIERSON,NANCY GOUGEON,AMANDALYNN CALDER,WHITNEY FRAIRE,GOUGEON/PIERSON,WHAM,False,GOUGEON/PIERSON,0.5448392251329834,2021NATIONALS
36,535,1902,WOMEN'S ADVANCED,47.0,18,1.0,SARAH ALLEN,TORI FARLOW,ASHLEY SHOWALTER,KRISTA SHROCK,RALLY CATS,SHOWALTER/SHROCK,True,SHOWALTER/SHROCK,0.668614812588831,2021NATIONALS
37,536,1364,WOMEN'S ADVANCED,9.0,0,1.0,LAURA DOHM,SAM GREATHOUSE,VICTORIA STEWART,ALICIA TRUJILLO,SPIKED PUNCH,CRIMSON ZIA,False,SPIKED PUNCH,0.33474674988912057,2021NATIONALS
38,537,1652,WOMEN'S ADVANCED,22.0,0,1.0,TEDDI LESOINE,LOU WASHBURN,LAURA DOHM,SAM GREATHOUSE,RUH ROH,SPIKED PUNCH,False,RUH ROH,0.06746410421413676,2021NATIONALS
39,538,1443,WOMEN'S ADVANCED,39.0,6,1.0,PERRIN YORK,MEY HELM,KIM HOSTETLER,MORGAN MITCHELL,SPICE RACK,HOSTETLER/MITCHELL,False,SPICE RACK,0.18047921786181545,2021NATIONALS
40,539,1450,WOMEN'S INTERMEDIATE,0.0,0,0.5,JILLIAN OBES,LINDSAY STONE,SHOSHANNA VICTOR,JACKIE THOMPSON,BALL BUSTERS,GIRLBOSS,True,GIRLBOSS,0.5,2021NATIONALS
41,540,1580,WOMEN'S INTERMEDIATE,7.0,0,1.0,RAQUEL DAMING,AUDREY SUMMERS,OLIVIA H,ANNA LUCAS,AQUATIC CHALUPAS,NATEMADEOURTEAMNAME,False,AQUATIC CHALUPAS,0.14334816135577547,2021NATIONALS
42,541,1350,WOMEN'S INTERMEDIATE,5.0,0,0.0,LYDIA DAY,EMMA CURRAN,KELLY FIELD,KENZIE JONES,TEAM GRAP,COASTAL CRAZE,True,COASTAL CRAZE,0.24185118897580563,2021NATIONALS
43,542,1375,WOMEN'S INTERMEDIATE,5.0,0,1.0,NICKY PEPPER,CECE RODRIGUEZ,MEREDITH BERTULAITIS,MADISON WEST,PICKLE PEPPER,FISSION,True,FISSION,0.7033760958802366,2021NATIONALS
44,543,1437,WOMEN'S INTERMEDIATE,6.0,0,0.0,JILLIAN OBES,LINDSAY STONE,OLIVIA H,ANNA LUCAS,BALL BUSTERS,NATEMADEOURTEAMNAME,True,NATEMADEOURTEAMNAME,0.46500958222408184,2021NATIONALS
45,544,1593,WOMEN'S INTERMEDIATE,7.0,0,1.0,RAQUEL DAMING,AUDREY SUMMERS,MEREDITH BERTULAITIS,MADISON WEST,AQUATIC CHALUPAS,FISSION,False,AQUATIC CHALUPAS,0.16143840094109224,2021NATIONALS
46,545,1450,WOMEN'S INTERMEDIATE,0.0,0,0.5,LYDIA DAY,EMMA CURRAN,STEPHANIE BROWN,EMMA BRUNE,TEAM GRAP,MY MOM,False,TEAM GRAP,0.5,2021NATIONALS
47,546,1350,WOMEN'S INTERMEDIATE,5.0,0,1.0,KELLY FIELD,KENZIE JONES,SHOSHANNA VICTOR,JACKIE THOMPSON,COASTAL CRAZE,GIRLBOSS,True,GIRLBOSS,0.7581488110241944,2021NATIONALS
48,547,1350,WOMEN'S INTERMEDIATE,5.0,0,0.0,JILLIAN OBES,LINDSAY STONE,KELLY FIELD,KENZIE JONES,BALL BUSTERS,COASTAL CRAZE,True,COASTAL CRAZE,0.24185118897580563,2021NATIONALS
49,548,1375,WOMEN'S INTERMEDIATE,5.0,0,0.0,LYDIA DAY,EMMA CURRAN,NICKY PEPPER,CECE RODRIGUEZ,TEAM GRAP,PICKLE PEPPER,True,PICKLE PEPPER,0.2966239041197633,2021NATIONALS
50,549,1450,WOMEN'S INTERMEDIATE,0.0,0,0.5,STEPHANIE BROWN,EMMA BRUNE,SHOSHANNA VICTOR,JACKIE THOMPSON,MY MOM,GIRLBOSS,True,GIRLBOSS,0.5,2021NATIONALS
51,550,1437,WOMEN'S INTERMEDIATE,6.0,0,1.0,MEREDITH BERTULAITIS,MADISON WEST,OLIVIA H,ANNA LUCAS,FISSION,NATEMADEOURTEAMNAME,False,FISSION,0.46500958222408184,2021NATIONALS
52,551,1450,WOMEN'S INTERMEDIATE,0.0,0,0.5,JILLIAN OBES,LINDSAY STONE,MEREDITH BERTULAITIS,MADISON WEST,BALL BUSTERS,FISSION,True,FISSION,0.5,2021NATIONALS
53,552,1593,WOMEN'S INTERMEDIATE,7.0,0,1.0,RAQUEL DAMING,AUDREY SUMMERS,LYDIA DAY,EMMA CURRAN,AQUATIC CHALUPAS,TEAM GRAP,False,AQUATIC CHALUPAS,0.16143840094109224,2021NATIONALS
54,553,1375,WOMEN'S INTERMEDIATE,5.0,0,1.0,NICKY PEPPER,CECE RODRIGUEZ,SHOSHANNA VICTOR,JACKIE THOMPSON,PICKLE PEPPER,GIRLBOSS,True,GIRLBOSS,0.7033760958802366,2021NATIONALS
55,554,1350,WOMEN'S INTERMEDIATE,5.0,0,0.0,STEPHANIE BROWN,EMMA BRUNE,KELLY FIELD,KENZIE JONES,MY MOM,COASTAL CRAZE,True,COASTAL CRAZE,0.24185118897580563,2021NATIONALS
56,555,1450,WOMEN'S INTERMEDIATE,0.0,0,0.5,JILLIAN OBES,LINDSAY STONE,STEPHANIE BROWN,EMMA BRUNE,BALL BUSTERS,MY MOM,False,BALL BUSTERS,0.5,2021NATIONALS
57,556,1593,WOMEN'S INTERMEDIATE,7.0,0,1.0,RAQUEL DAMING,AUDREY SUMMERS,SHOSHANNA VICTOR,JACKIE THOMPSON,AQUATIC CHALUPAS,GIRLBOSS,False,AQUATIC CHALUPAS,0.16143840094109224,2021NATIONALS
58,557,1437,WOMEN'S INTERMEDIATE,6.0,0,0.0,LYDIA DAY,EMMA CURRAN,OLIVIA H,ANNA LUCAS,TEAM GRAP,NATEMADEOURTEAMNAME,True,NATEMADEOURTEAMNAME,0.46500958222408184,2021NATIONALS
59,558,1275,WOMEN'S INTERMEDIATE,5.0,0,0.0,NICKY PEPPER,CECE RODRIGUEZ,KELLY FIELD,KENZIE JONES,PICKLE PEPPER,COASTAL CRAZE,True,COASTAL CRAZE,0.4306669937487288,2021NATIONALS
60,559,1450,WOMEN'S INTERMEDIATE,0.0,0,0.5,LYDIA DAY,EMMA CURRAN,MEREDITH BERTULAITIS,MADISON WEST,TEAM GRAP,FISSION,True,FISSION,0.5,2021NATIONALS
61,560,1375,WOMEN'S INTERMEDIATE,5.0,0,0.0,NICKY PEPPER,CECE RODRIGUEZ,STEPHANIE BROWN,EMMA BRUNE,PICKLE PEPPER,MY MOM,False,PICKLE PEPPER,0.7033760958802366,2021NATIONALS
62,561,1437,WOMEN'S INTERMEDIATE,6.0,0,0.0,OLIVIA H,ANNA LUCAS,SHOSHANNA VICTOR,JACKIE THOMPSON,NATEMADEOURTEAMNAME,GIRLBOSS,False,NATEMADEOURTEAMNAME,0.5349904177759182,2021NATIONALS
63,562,1375,WOMEN'S INTERMEDIATE,5.0,0,1.0,JILLIAN OBES,LINDSAY STONE,NICKY PEPPER,CECE RODRIGUEZ,BALL BUSTERS,PICKLE PEPPER,False,BALL BUSTERS,0.2966239041197633,2021NATIONALS
64,563,1593,WOMEN'S INTERMEDIATE,7.0,0,1.0,RAQUEL DAMING,AUDREY SUMMERS,STEPHANIE BROWN,EMMA BRUNE,AQUATIC CHALUPAS,MY MOM,False,AQUATIC CHALUPAS,0.16143840094109224,2021NATIONALS
65,564,1450,WOMEN'S INTERMEDIATE,0.0,0,0.5,MEREDITH BERTULAITIS,MADISON WEST,SHOSHANNA VICTOR,JACKIE THOMPSON,FISSION,GIRLBOSS,False,FISSION,0.5,2021NATIONALS
66,565,1338,WOMEN'S INTERMEDIATE,6.0,0,1.0,KELLY FIELD,KENZIE JONES,OLIVIA H,ANNA LUCAS,COASTAL CRAZE,NATEMADEOURTEAMNAME,True,NATEMADEOURTEAMNAME,0.7315235567506799,2021NATIONALS
67,566,1450,WOMEN'S INTERMEDIATE,0.0,0,0.5,JILLIAN OBES,LINDSAY STONE,LYDIA DAY,EMMA CURRAN,BALL BUSTERS,TEAM GRAP,False,BALL BUSTERS,0.5,2021NATIONALS
68,567,1518,WOMEN'S INTERMEDIATE,7.0,0,1.0,RAQUEL DAMING,AUDREY SUMMERS,NICKY PEPPER,CECE RODRIGUEZ,AQUATIC CHALUPAS,PICKLE PEPPER,False,AQUATIC CHALUPAS,0.07509124565382934,2021NATIONALS
69,568,1437,WOMEN'S INTERMEDIATE,6.0,0,0.0,STEPHANIE BROWN,EMMA BRUNE,OLIVIA H,ANNA LUCAS,MY MOM,NATEMADEOURTEAMNAME,True,NATEMADEOURTEAMNAME,0.46500958222408184,2021NATIONALS
70,569,1350,WOMEN'S INTERMEDIATE,5.0,0,1.0,MEREDITH BERTULAITIS,MADISON WEST,KELLY FIELD,KENZIE JONES,FISSION,COASTAL CRAZE,False,FISSION,0.24185118897580563,2021NATIONALS
71,570,1593,WOMEN'S INTERMEDIATE,7.0,0,1.0,JILLIAN OBES,LINDSAY STONE,RAQUEL DAMING,AUDREY SUMMERS,BALL BUSTERS,AQUATIC CHALUPAS,True,AQUATIC CHALUPAS,0.8385615990589077,2021NATIONALS
72,571,1450,WOMEN'S INTERMEDIATE,0.0,0,0.5,LYDIA DAY,EMMA CURRAN,SHOSHANNA VICTOR,JACKIE THOMPSON,TEAM GRAP,GIRLBOSS,True,GIRLBOSS,0.5,2021NATIONALS
73,572,1362,WOMEN'S INTERMEDIATE,6.0,0,1.0,NICKY PEPPER,CECE RODRIGUEZ,OLIVIA H,ANNA LUCAS,PICKLE PEPPER,NATEMADEOURTEAMNAME,True,NATEMADEOURTEAMNAME,0.6733191841106362,2021NATIONALS
74,573,1450,WOMEN'S INTERMEDIATE,0.0,0,0.5,STEPHANIE BROWN,EMMA BRUNE,MEREDITH BERTULAITIS,MADISON WEST,MY MOM,FISSION,True,FISSION,0.5,2021NATIONALS
75,574,1450,WOMEN'S INTERMEDIATE,0.0,0,0.5,LYDIA DAY,EMMA CURRAN,STEPHANIE BROWN,EMMA BRUNE,TEAM GRAP,MY MOM,False,TEAM GRAP,0.5,2021NATIONALS
76,575,1593,WOMEN'S INTERMEDIATE,7.0,0,1.0,RAQUEL DAMING,AUDREY SUMMERS,LYDIA DAY,EMMA CURRAN,AQUATIC CHALUPAS,TEAM GRAP,False,AQUATIC CHALUPAS,0.16143840094109224,2021NATIONALS
77,576,1350,WOMEN'S INTERMEDIATE,5.0,0,0.0,SHOSHANNA VICTOR,JACKIE THOMPSON,KELLY FIELD,KENZIE JONES,GIRLBOSS,COASTAL CRAZE,True,COASTAL CRAZE,0.24185118897580563,2021NATIONALS
78,577,1375,WOMEN'S INTERMEDIATE,5.0,0,1.0,MEREDITH BERTULAITIS,MADISON WEST,NICKY PEPPER,CECE RODRIGUEZ,FISSION,PICKLE PEPPER,False,FISSION,0.2966239041197633,2021NATIONALS
79,578,1437,WOMEN'S INTERMEDIATE,6.0,0,0.0,OLIVIA H,ANNA LUCAS,JILLIAN OBES,LINDSAY STONE,NATEMADEOURTEAMNAME,BALL BUSTERS,False,NATEMADEOURTEAMNAME,0.5349904177759182,2021NATIONALS
80,579,1493,WOMEN'S INTERMEDIATE,7.0,0,1.0,RAQUEL DAMING,AUDREY SUMMERS,KELLY FIELD,KENZIE JONES,AQUATIC CHALUPAS,COASTAL CRAZE,False,AQUATIC CHALUPAS,0.05786033372494532,2021NATIONALS
81,580,1437,WOMEN'S INTERMEDIATE,6.0,0,0.0,MEREDITH BERTULAITIS,MADISON WEST,OLIVIA H,ANNA LUCAS,FISSION,NATEMADEOURTEAMNAME,True,NATEMADEOURTEAMNAME,0.46500958222408184,2021NATIONALS
82,581,1580,WOMEN'S INTERMEDIATE,7.0,0,1.0,RAQUEL DAMING,AUDREY SUMMERS,OLIVIA H,ANNA LUCAS,AQUATIC CHALUPAS,NATEMADEOURTEAMNAME,False,AQUATIC CHALUPAS,0.14334816135577547,2021NATIONALS
